This is pdfTeX, Version 3.141592653-2.6-1.40.28 (MiKTeX 25.12) (preloaded format=pdflatex 2026.7.13)  2 AUG 2026 17:21
entering extended mode
 restricted \write18 enabled.
 %&-line parsing enabled.
**./Archivo_LateX_V3_IR.tex
(Archivo_LateX_V3_IR.tex
LaTeX2e <2025-11-01>
L3 programming layer <2025-12-24>
(C:\Users\USER\AppData\Local\Programs\MiKTeX\tex/latex/base\article.cls
Document Class: article 2025/01/22 v1.4n Standard LaTeX document class
(C:\Users\USER\AppData\Local\Programs\MiKTeX\tex/latex/base\size11.clo
File: size11.clo 2025/01/22 v1.4n Standard LaTeX file (size option)
)
\c@part=\count275
\c@section=\count276
\c@subsection=\count277
\c@subsubsection=\count278
\c@paragraph=\count279
\c@subparagraph=\count280
\c@figure=\count281
\c@table=\count282
\abovecaptionskip=\skip49
\belowcaptionskip=\skip50
\bibindent=\dimen148
)
(C:\Users\USER\AppData\Local\Programs\MiKTeX\tex/latex/fontspec\fontspec.sty)
(C:\Users\USER\AppData\Local\Programs\MiKTeX\tex/latex/float\float.sty
Package: float 2001/11/08 v1.3d Float enhancements (AL)
\c@float@type=\count283
\float@exts=\toks17
\float@box=\box53
\@float@everytoks=\toks18
\@floatcapt=\box54
)
(C:\Users\USER\AppData\Local\Programs\MiKTeX\tex/latex/geometry\geometry.sty
Package: geometry 2026/03/07 v6.0 Page Geometry

(C:\Users\USER\AppData\Local\Programs\MiKTeX\tex/latex/graphics\keyval.sty
Package: keyval 2022/05/29 v1.15 key=value parser (DPC)
\KV@toks@=\toks19
)
(C:\Users\USER\AppData\Local\Programs\MiKTeX\tex/generic/iftex\ifvtex.sty
Package: ifvtex 2019/10/25 v1.7 ifvtex legacy package. Use iftex instead.

(C:\Users\USER\AppData\Local\Programs\MiKTeX\tex/generic/iftex\iftex.sty
Package: iftex 2024/12/12 v1.0g TeX engine tests
))
\Gm@cnth=\count284
\Gm@cntv=\count285
\c@Gm@tempcnt=\count286
\Gm@bindingoffset=\dimen149
\Gm@wd@mp=\dimen150
\Gm@odd@mp=\dimen151
\Gm@even@mp=\dimen152
\Gm@layoutwidth=\dimen153
\Gm@layoutheight=\dimen154
\Gm@layouthoffset=\dimen155
\Gm@layoutvoffset=\dimen156
\Gm@dimlist=\toks20

(C:\Users\USER\AppData\Local\Programs\MiKTeX\tex/latex/geometry\geometry.cfg))
(C:\Users\USER\AppData\Local\Programs\MiKTeX\tex/latex/amsmath\amsmath.sty
Package: amsmath 2025/07/09 v2.17z AMS math features
\@mathmargin=\skip51

For additional information on amsmath, use the `?' option.
(C:\Users\USER\AppData\Local\Programs\MiKTeX\tex/latex/amsmath\amstext.sty
Package: amstext 2024/11/17 v2.01 AMS text

(C:\Users\USER\AppData\Local\Programs\MiKTeX\tex/latex/amsmath\amsgen.sty
File: amsgen.sty 1999/11/30 v2.0 generic functions
\@emptytoks=\toks21
\ex@=\dimen157
))
(C:\Users\USER\AppData\Local\Programs\MiKTeX\tex/latex/amsmath\amsbsy.sty
Package: amsbsy 1999/11/29 v1.2d Bold Symbols
\pmbraise@=\dimen158
)
(C:\Users\USER\AppData\Local\Programs\MiKTeX\tex/latex/amsmath\amsopn.sty
Package: amsopn 2022/04/08 v2.04 operator names
)
\inf@bad=\count287
LaTeX Info: Redefining \frac on input line 233.
\uproot@=\count288
\leftroot@=\count289
LaTeX Info: Redefining \overline on input line 398.
LaTeX Info: Redefining \colon on input line 409.
\classnum@=\count290
\DOTSCASE@=\count291
LaTeX Info: Redefining \ldots on input line 495.
LaTeX Info: Redefining \dots on input line 498.
LaTeX Info: Redefining \cdots on input line 619.
\Mathstrutbox@=\box55
\strutbox@=\box56
LaTeX Info: Redefining \big on input line 721.
LaTeX Info: Redefining \Big on input line 722.
LaTeX Info: Redefining \bigg on input line 723.
LaTeX Info: Redefining \Bigg on input line 724.
\big@size=\dimen159
LaTeX Font Info:    Redeclaring font encoding OML on input line 742.
LaTeX Font Info:    Redeclaring font encoding OMS on input line 743.
\macc@depth=\count292
LaTeX Info: Redefining \bmod on input line 904.
LaTeX Info: Redefining \pmod on input line 909.
LaTeX Info: Redefining \smash on input line 939.
LaTeX Info: Redefining \relbar on input line 969.
LaTeX Info: Redefining \Relbar on input line 970.
\c@MaxMatrixCols=\count293
\dotsspace@=\muskip17
\c@parentequation=\count294
\dspbrk@lvl=\count295
\tag@help=\toks22
\row@=\count296
\column@=\count297
\maxfields@=\count298
\andhelp@=\toks23
\eqnshift@=\dimen160
\alignsep@=\dimen161
\tagshift@=\dimen162
\tagwidth@=\dimen163
\totwidth@=\dimen164
\lineht@=\dimen165
\@envbody=\toks24
\multlinegap=\skip52
\multlinetaggap=\skip53
\mathdisplay@stack=\toks25
LaTeX Info: Redefining \[ on input line 2950.
LaTeX Info: Redefining \] on input line 2951.
)
(C:\Users\USER\AppData\Local\Programs\MiKTeX\tex/latex/amsfonts\amssymb.sty
Package: amssymb 2013/01/14 v3.01 AMS font symbols

(C:\Users\USER\AppData\Local\Programs\MiKTeX\tex/latex/amsfonts\amsfonts.sty
Package: amsfonts 2013/01/14 v3.01 Basic AMSFonts support
\symAMSa=\mathgroup4
\symAMSb=\mathgroup5
LaTeX Font Info:    Redeclaring math symbol \hbar on input line 98.
LaTeX Font Info:    Overwriting math alphabet `\mathfrak' in version `bold'
(Font)                  U/euf/m/n --> U/euf/b/n on input line 106.
))
(C:\Users\USER\AppData\Local\Programs\MiKTeX\tex/latex/xcolor\xcolor.sty
Package: xcolor 2024/09/29 v3.02 LaTeX color extensions (UK)

(C:\Users\USER\AppData\Local\Programs\MiKTeX\tex/latex/graphics-cfg\color.cfg
File: color.cfg 2016/01/02 v1.6 sample color configuration
)
Package xcolor Info: Driver file: pdftex.def on input line 274.

(C:\Users\USER\AppData\Local\Programs\MiKTeX\tex/latex/graphics-def\pdftex.def
File: pdftex.def 2025/09/29 v1.2d Graphics/color driver for pdftex
) (C:\Users\USER\AppData\Local\Programs\MiKTeX\tex/latex/graphics\mathcolor.ltx
)
Package xcolor Info: Model `cmy' substituted by `cmy0' on input line 1349.
Package xcolor Info: Model `hsb' substituted by `rgb' on input line 1353.
Package xcolor Info: Model `RGB' extended on input line 1365.
Package xcolor Info: Model `HTML' substituted by `rgb' on input line 1367.
Package xcolor Info: Model `Hsb' substituted by `hsb' on input line 1368.
Package xcolor Info: Model `tHsb' substituted by `hsb' on input line 1369.
Package xcolor Info: Model `HSB' substituted by `hsb' on input line 1370.
Package xcolor Info: Model `Gray' substituted by `gray' on input line 1371.
Package xcolor Info: Model `wave' substituted by `hsb' on input line 1372.
) (C:\Users\USER\AppData\Local\Programs\MiKTeX\tex/latex/tools\longtable.sty
Package: longtable 2025-10-13 v4.24 Multi-page Table package (DPC)
\LTleft=\skip54
\LTright=\skip55
\LTpre=\skip56
\LTpost=\skip57
\LTchunksize=\count299
\LTcapwidth=\dimen166
\LT@head=\box57
\LT@firsthead=\box58
\LT@foot=\box59
\LT@lastfoot=\box60
\LT@gbox=\box61
\LT@cols=\count300
\LT@rows=\count301
\c@LT@tables=\count302
\c@LT@chunks=\count303
\LT@p@ftn=\toks26
)
(C:\Users\USER\AppData\Local\Programs\MiKTeX\tex/latex/booktabs\booktabs.sty
Package: booktabs 2020/01/12 v1.61803398 Publication quality tables
\heavyrulewidth=\dimen167
\lightrulewidth=\dimen168
\cmidrulewidth=\dimen169
\belowrulesep=\dimen170
\belowbottomsep=\dimen171
\aboverulesep=\dimen172
\abovetopsep=\dimen173
\cmidrulesep=\dimen174
\cmidrulekern=\dimen175
\defaultaddspace=\dimen176
\@cmidla=\count304
\@cmidlb=\count305
\@aboverulesep=\dimen177
\@belowrulesep=\dimen178
\@thisruleclass=\count306
\@lastruleclass=\count307
\@thisrulewidth=\dimen179
)
(C:\Users\USER\AppData\Local\Programs\MiKTeX\tex/latex/tools\array.sty
Package: array 2025/09/25 v2.6n Tabular extension package (FMi)
\col@sep=\dimen180
\ar@mcellbox=\box62
\extrarowheight=\dimen181
\NC@list=\toks27
\extratabsurround=\skip58
\backup@length=\skip59
\ar@cellbox=\box63
)
(C:\Users\USER\AppData\Local\Programs\MiKTeX\tex/latex/tools\calc.sty
Package: calc 2025/03/01 v4.3b Infix arithmetic (KKT,FJ)
\calc@Acount=\count308
\calc@Bcount=\count309
\calc@Adimen=\dimen182
\calc@Bdimen=\dimen183
\calc@Askip=\skip60
\calc@Bskip=\skip61
LaTeX Info: Redefining \setlength on input line 86.
LaTeX Info: Redefining \addtolength on input line 87.
\calc@Ccount=\count310
\calc@Cskip=\skip62
)
(C:\Users\USER\AppData\Local\Programs\MiKTeX\tex/latex/graphics\graphicx.sty
Package: graphicx 2024/12/31 v1.2e Enhanced LaTeX Graphics (DPC,SPQR)

(C:\Users\USER\AppData\Local\Programs\MiKTeX\tex/latex/graphics\graphics.sty
Package: graphics 2024/08/06 v1.4g Standard LaTeX Graphics (DPC,SPQR)

(C:\Users\USER\AppData\Local\Programs\MiKTeX\tex/latex/graphics\trig.sty
Package: trig 2023/12/02 v1.11 sin cos tan (DPC)
)
(C:\Users\USER\AppData\Local\Programs\MiKTeX\tex/latex/graphics-cfg\graphics.cf
g
File: graphics.cfg 2016/06/04 v1.11 sample graphics configuration
)
Package graphics Info: Driver file: pdftex.def on input line 106.
)
\Gin@req@height=\dimen184
\Gin@req@width=\dimen185
)
(C:\Users\USER\AppData\Local\Programs\MiKTeX\tex/latex/hyperref\hyperref.sty
Package: hyperref 2025-07-12 v7.01o Hypertext links for LaTeX

(C:\Users\USER\AppData\Local\Programs\MiKTeX\tex/latex/kvsetkeys\kvsetkeys.sty
Package: kvsetkeys 2022-10-05 v1.19 Key value parser (HO)
)
(C:\Users\USER\AppData\Local\Programs\MiKTeX\tex/generic/kvdefinekeys\kvdefinek
eys.sty
Package: kvdefinekeys 2019-12-19 v1.6 Define keys (HO)
)
(C:\Users\USER\AppData\Local\Programs\MiKTeX\tex/generic/pdfescape\pdfescape.st
y
Package: pdfescape 2019/12/09 v1.15 Implements pdfTeX's escape features (HO)
 (C:\Users\USER\AppData\Local\Programs\MiKTeX\tex/generic/ltxcmds\ltxcmds.sty
Package: ltxcmds 2023-12-04 v1.26 LaTeX kernel commands for general use (HO)
)
(C:\Users\USER\AppData\Local\Programs\MiKTeX\tex/generic/pdftexcmds\pdftexcmds.
sty
Package: pdftexcmds 2020-06-27 v0.33 Utility functions of pdfTeX for LuaTeX (HO
)

(C:\Users\USER\AppData\Local\Programs\MiKTeX\tex/generic/infwarerr\infwarerr.st
y
Package: infwarerr 2019/12/03 v1.5 Providing info/warning/error messages (HO)
)
Package pdftexcmds Info: \pdf@primitive is available.
Package pdftexcmds Info: \pdf@ifprimitive is available.
Package pdftexcmds Info: \pdfdraftmode found.
)) (C:\Users\USER\AppData\Local\Programs\MiKTeX\tex/latex/hycolor\hycolor.sty
Package: hycolor 2020-01-27 v1.10 Color options for hyperref/bookmark (HO)
) (C:\Users\USER\AppData\Local\Programs\MiKTeX\tex/latex/hyperref\nameref.sty
Package: nameref 2025-06-21 v2.57 Cross-referencing by name of section

(C:\Users\USER\AppData\Local\Programs\MiKTeX\tex/latex/refcount\refcount.sty
Package: refcount 2019/12/15 v3.6 Data extraction from label references (HO)
)
(C:\Users\USER\AppData\Local\Programs\MiKTeX\tex/generic/gettitlestring\gettitl
estring.sty
Package: gettitlestring 2019/12/15 v1.6 Cleanup title references (HO)

(C:\Users\USER\AppData\Local\Programs\MiKTeX\tex/latex/kvoptions\kvoptions.sty
Package: kvoptions 2022-06-15 v3.15 Key value format for package options (HO)
))
\c@section@level=\count311
) (C:\Users\USER\AppData\Local\Programs\MiKTeX\tex/latex/etoolbox\etoolbox.sty
Package: etoolbox 2025/10/02 v2.5m e-TeX tools for LaTeX (JAW)
\etb@tempcnta=\count312
)
(C:\Users\USER\AppData\Local\Programs\MiKTeX\tex/generic/stringenc\stringenc.st
y
Package: stringenc 2019/11/29 v1.12 Convert strings between diff. encodings (HO
)
)
\@linkdim=\dimen186
\Hy@linkcounter=\count313
\Hy@pagecounter=\count314
 (C:\Users\USER\AppData\Local\Programs\MiKTeX\tex/latex/hyperref\pd1enc.def
File: pd1enc.def 2025-07-12 v7.01o Hyperref: PDFDocEncoding definition (HO)
Now handling font encoding PD1 ...
... no UTF-8 mapping file for font encoding PD1
)
(C:\Users\USER\AppData\Local\Programs\MiKTeX\tex/generic/intcalc\intcalc.sty
Package: intcalc 2019/12/15 v1.3 Expandable calculations with integers (HO)
)
\Hy@SavedSpaceFactor=\count315

(C:\Users\USER\AppData\Local\Programs\MiKTeX\tex/latex/hyperref\puenc.def
File: puenc.def 2025-07-12 v7.01o Hyperref: PDF Unicode definition (HO)
Now handling font encoding PU ...
... no UTF-8 mapping file for font encoding PU
)
Package hyperref Info: Hyper figures OFF on input line 4195.
Package hyperref Info: Link nesting OFF on input line 4200.
Package hyperref Info: Hyper index ON on input line 4203.
Package hyperref Info: Plain pages OFF on input line 4210.
Package hyperref Info: Backreferencing OFF on input line 4215.
Package hyperref Info: Implicit mode ON; LaTeX internals redefined.
Package hyperref Info: Bookmarks ON on input line 4462.
\c@Hy@tempcnt=\count316

(C:\Users\USER\AppData\Local\Programs\MiKTeX\tex/latex/url\url.sty
\Urlmuskip=\muskip18
Package: url 2013/09/16  ver 3.4  Verb mode for urls, etc.
)
LaTeX Info: Redefining \url on input line 4801.
\XeTeXLinkMargin=\dimen187

(C:\Users\USER\AppData\Local\Programs\MiKTeX\tex/generic/bitset\bitset.sty
Package: bitset 2019/12/09 v1.3 Handle bit-vector datatype (HO)

(C:\Users\USER\AppData\Local\Programs\MiKTeX\tex/generic/bigintcalc\bigintcalc.
sty
Package: bigintcalc 2019/12/15 v1.5 Expandable calculations on big integers (HO
)
))
\Fld@menulength=\count317
\Field@Width=\dimen188
\Fld@charsize=\dimen189
Package hyperref Info: Hyper figures OFF on input line 6078.
Package hyperref Info: Link nesting OFF on input line 6083.
Package hyperref Info: Hyper index ON on input line 6086.
Package hyperref Info: backreferencing OFF on input line 6093.
Package hyperref Info: Link coloring OFF on input line 6098.
Package hyperref Info: Link coloring with OCG OFF on input line 6103.
Package hyperref Info: PDF/A mode OFF on input line 6108.
\Hy@abspage=\count318
\c@Item=\count319
\c@Hfootnote=\count320
)
Package hyperref Info: Driver (autodetected): hpdftex.

(C:\Users\USER\AppData\Local\Programs\MiKTeX\tex/latex/hyperref\hpdftex.def
File: hpdftex.def 2025-07-12 v7.01o Hyperref driver for pdfTeX
\Fld@listcount=\count321
\c@bookmark@seq@number=\count322

(C:\Users\USER\AppData\Local\Programs\MiKTeX\tex/latex/rerunfilecheck\rerunfile
check.sty
Package: rerunfilecheck 2025-06-21 v1.11 Rerun checks for auxiliary files (HO)

(C:\Users\USER\AppData\Local\Programs\MiKTeX\tex/generic/uniquecounter\uniqueco
unter.sty
Package: uniquecounter 2019/12/15 v1.4 Provide unlimited unique counter (HO)
)
Package uniquecounter Info: New unique counter `rerunfilecheck' on input line 2
84.
)
\Hy@SectionHShift=\skip63
)
(C:\Users\USER\AppData\Local\Programs\MiKTeX\tex/latex/fancyhdr\fancyhdr.sty
Package: fancyhdr 2025/02/07 v5.2 Extensive control of page headers and footers

\f@nch@headwidth=\skip64
\f@nch@offset@elh=\skip65
\f@nch@offset@erh=\skip66
\f@nch@offset@olh=\skip67
\f@nch@offset@orh=\skip68
\f@nch@offset@elf=\skip69
\f@nch@offset@erf=\skip70
\f@nch@offset@olf=\skip71
\f@nch@offset@orf=\skip72
\f@nch@height=\skip73
\f@nch@footalignment=\skip74
\f@nch@widthL=\skip75
\f@nch@widthC=\skip76
\f@nch@widthR=\skip77
\@temptokenb=\toks28
)
(C:\Users\USER\AppData\Local\Programs\MiKTeX\tex/latex/titlesec\titlesec.sty
Package: titlesec 2025/01/04 v2.17 Sectioning titles
\ttl@box=\box64
\beforetitleunit=\skip78
\aftertitleunit=\skip79
\ttl@plus=\dimen190
\ttl@minus=\dimen191
\ttl@toksa=\toks29
\titlewidth=\dimen192
\titlewidthlast=\dimen193
\titlewidthfirst=\dimen194
)
(C:\Users\USER\AppData\Local\Programs\MiKTeX\tex/latex/enumitem\enumitem.sty
Package: enumitem 2025/02/06 v3.11 Customized lists
\labelindent=\skip80
\enit@outerparindent=\dimen195
\enit@toks=\toks30
\enit@inbox=\box65
\enit@count@id=\count323
\enitdp@description=\count324
)
(C:\Users\USER\AppData\Local\Programs\MiKTeX\tex/latex/parskip\parskip.sty
Package: parskip 2021-03-14 v2.0h non-zero parskip adjustments
)
(C:\Users\USER\AppData\Local\Programs\MiKTeX\tex/latex/caption\caption.sty
Package: caption 2023/08/05 v3.6o Customizing captions (AR)

(C:\Users\USER\AppData\Local\Programs\MiKTeX\tex/latex/caption\caption3.sty
Package: caption3 2023/07/31 v2.4d caption3 kernel (AR)
\caption@tempdima=\dimen196
\captionmargin=\dimen197
\caption@leftmargin=\dimen198
\caption@rightmargin=\dimen199
\caption@width=\dimen256
\caption@indent=\dimen257
\caption@parindent=\dimen258
\caption@hangindent=\dimen259
Package caption Info: Standard document class detected.
)
\c@caption@flags=\count325
\c@continuedfloat=\count326
Package caption Info: float package is loaded.
Package caption Info: hyperref package is loaded.
Package caption Info: longtable package is loaded.

(C:\Users\USER\AppData\Local\Programs\MiKTeX\tex/latex/caption\ltcaption.sty
Package: ltcaption 2021/01/08 v1.4c longtable captions (AR)
))
(C:\Users\USER\AppData\Local\Programs\MiKTeX\tex/latex/tools\tabularx.sty
Package: tabularx 2023/12/11 v2.12a `tabularx' package (DPC)
\TX@col@width=\dimen260
\TX@old@table=\dimen261
\TX@old@col=\dimen262
\TX@target=\dimen263
\TX@delta=\dimen264
\TX@cols=\count327
\TX@ftn=\toks31
)
Package hyperref Info: Option `colorlinks' set `true' on input line 31.

(C:\Users\USER\AppData\Local\Programs\MiKTeX\tex/latex/l3backend\l3backend-pdft
ex.def
File: l3backend-pdftex.def 2025-10-09 L3 backend support: PDF output (pdfTeX)
\l__color_backend_stack_int=\count328
) (Archivo_LateX_V3_IR.aux

LaTeX Warning: Label `fig:sd-4' multiply defined.


LaTeX Warning: Label `fig:sd-4' multiply defined.

)
\openout1 = `Archivo_LateX_V3_IR.aux'.

LaTeX Font Info:    Checking defaults for OML/cmm/m/it on input line 70.
LaTeX Font Info:    ... okay on input line 70.
LaTeX Font Info:    Checking defaults for OMS/cmsy/m/n on input line 70.
LaTeX Font Info:    ... okay on input line 70.
LaTeX Font Info:    Checking defaults for OT1/cmr/m/n on input line 70.
LaTeX Font Info:    ... okay on input line 70.
LaTeX Font Info:    Checking defaults for T1/cmr/m/n on input line 70.
LaTeX Font Info:    ... okay on input line 70.
LaTeX Font Info:    Checking defaults for TS1/cmr/m/n on input line 70.
LaTeX Font Info:    ... okay on input line 70.
LaTeX Font Info:    Checking defaults for OMX/cmex/m/n on input line 70.
LaTeX Font Info:    ... okay on input line 70.
LaTeX Font Info:    Checking defaults for U/cmr/m/n on input line 70.
LaTeX Font Info:    ... okay on input line 70.
LaTeX Font Info:    Checking defaults for PD1/pdf/m/n on input line 70.
LaTeX Font Info:    ... okay on input line 70.
LaTeX Font Info:    Checking defaults for PU/pdf/m/n on input line 70.
LaTeX Font Info:    ... okay on input line 70.

*geometry* driver: auto-detecting
*geometry* detected driver: pdftex
*geometry* verbose mode - [ preamble ] result:
* driver: pdftex
* paper: a4paper
* layout: <same size as paper>
* layoutoffset:(h,v)=(0.0pt,0.0pt)
* modes: 
* h-part:(L,W,R)=(71.13188pt, 455.24411pt, 71.13188pt)
* v-part:(T,H,B)=(71.13188pt, 702.78308pt, 71.13188pt)
* \paperwidth=597.50787pt
* \paperheight=845.04684pt
* \textwidth=455.24411pt
* \textheight=702.78308pt
* \oddsidemargin=-1.1381pt
* \evensidemargin=-1.1381pt
* \topmargin=-38.1381pt
* \headheight=12.0pt
* \headsep=25.0pt
* \topskip=11.0pt
* \footskip=30.0pt
* \marginparwidth=50.0pt
* \marginparsep=10.0pt
* \columnsep=10.0pt
* \skip\footins=10.0pt plus 4.0pt minus 2.0pt
* \hoffset=0.0pt
* \voffset=0.0pt
* \mag=1000
* \@twocolumnfalse
* \@twosidefalse
* \@mparswitchfalse
* \@reversemarginfalse
* (1in=72.27pt=25.4mm, 1cm=28.453pt)


(C:\Users\USER\AppData\Local\Programs\MiKTeX\tex/context/base/mkii\supp-pdf.mki
i
[Loading MPS to PDF converter (version 2006.09.02).]
\scratchcounter=\count329
\scratchdimen=\dimen265
\scratchbox=\box66
\nofMPsegments=\count330
\nofMParguments=\count331
\everyMPshowfont=\toks32
\MPscratchCnt=\count332
\MPscratchDim=\dimen266
\MPnumerator=\count333
\makeMPintoPDFobject=\count334
\everyMPtoPDFconversion=\toks33
)
(C:\Users\USER\AppData\Local\Programs\MiKTeX\tex/latex/epstopdf-pkg\epstopdf-ba
se.sty
Package: epstopdf-base 2020-01-24 v2.11 Base part for package epstopdf
Package epstopdf-base Info: Redefining graphics rule for `.eps' on input line 4
85.

(C:\Users\USER\AppData\Local\Programs\MiKTeX\tex/latex/00miktex\epstopdf-sys.cf
g
File: epstopdf-sys.cfg 2021/03/18 v2.0 Configuration of epstopdf for MiKTeX
))
Package hyperref Info: Link coloring ON on input line 70.
 (Archivo_LateX_V3_IR.out) (Archivo_LateX_V3_IR.out)
\@outlinefile=\write3
\openout3 = `Archivo_LateX_V3_IR.out'.

Package caption Info: Begin \AtBeginDocument code.
Package caption Info: End \AtBeginDocument code.
LaTeX Font Info:    Trying to load font information for U+msa on input line 93.


(C:\Users\USER\AppData\Local\Programs\MiKTeX\tex/latex/amsfonts\umsa.fd
File: umsa.fd 2013/01/14 v3.01 AMS symbols A
)
LaTeX Font Info:    Trying to load font information for U+msb on input line 93.


(C:\Users\USER\AppData\Local\Programs\MiKTeX\tex/latex/amsfonts\umsb.fd
File: umsb.fd 2013/01/14 v3.01 AMS symbols B
)
[1

{C:/Users/USER/AppData/Local/MiKTeX/fonts/map/pdftex/pdftex.map}]
Overfull \hbox (4.19676pt too wide) in paragraph at lines 121--121
[]|\OT1/cmr/bx/n/10.95 Versi^^Son| 
 []


Overfull \hbox (36.61902pt too wide) in alignment at lines 119--123
[] [] [] [] []
 []


Overfull \hbox (3.53502pt too wide) in paragraph at lines 124--124
[]|\OT1/cmr/m/n/10.95 31/05/2026| 
 []


Overfull \hbox (3.53502pt too wide) in paragraph at lines 126--126
[]|\OT1/cmr/m/n/10.95 12/07/2026| 
 []


Underfull \hbox (badness 10000) in paragraph at lines 126--126
[]|\OT1/cmr/m/n/10.95 Entrega 2
 []


Underfull \hbox (badness 1163) in paragraph at lines 126--126
\OT1/cmr/m/n/10.95 tifi-ca-dos (ISO/IEC 25010), re-stric-ciones
 []


Underfull \hbox (badness 1622) in paragraph at lines 126--126
\OT1/cmr/m/n/10.95 5 CU de-tal-la-dos, di-a-grama de clases),
 []


Overfull \hbox (3.53502pt too wide) in paragraph at lines 128--128
[]|\OT1/cmr/m/n/10.95 26/07/2026| 
 []


Underfull \hbox (badness 10000) in paragraph at lines 128--128
[]|\OT1/cmr/m/n/10.95 Entrega 3
 []


Underfull \hbox (badness 4531) in paragraph at lines 128--128
\OT1/cmr/m/n/10.95 (En-fer-mer^^S^^Pa y Re-cepci^^Son/Recaudaci^^Son):
 []


Overfull \hbox (3.53502pt too wide) in paragraph at lines 130--130
[]|\OT1/cmr/m/n/10.95 01/08/2026| 
 []


Underfull \hbox (badness 10000) in paragraph at lines 130--130
[]|\OT1/cmr/m/n/10.95 Entrega 3
 []


Underfull \hbox (badness 3713) in paragraph at lines 130--130
\OT1/cmr/m/n/10.95 (2A) --- re-
 []


Underfull \hbox (badness 10000) in paragraph at lines 130--130
\OT1/cmr/m/n/10.95 visi^^Son de
 []


Overfull \hbox (36.61902pt too wide) in alignment at lines 123--132
[] [] [] [] []
 []

(Archivo_LateX_V3_IR.toc
pdfTeX warning (ext4): destination with the same identifier (name{page.1}) has 
been already used, duplicate ignored
<to be read again> 
                   \relax 
l.16 ...es externas y mockups}{15}{subsection.3.1}
                                                  % [1] [2] [3] [4])
\tf@toc=\write4
\openout4 = `Archivo_LateX_V3_IR.toc'.

 [5]
[6

]
Overfull \hbox (1.23639pt too wide) in alignment at lines 184--191
[] []
 []


Overfull \hbox (1.23639pt too wide) in alignment at lines 191--194
[] []
 []


Underfull \hbox (badness 10000) in paragraph at lines 202--202
[]|\OT1/cmr/m/n/10.95 ISO/IEC/IEEE
 []


Underfull \hbox (badness 10000) in paragraph at lines 268--268
[]|\OT1/cmr/m/n/10.95 WhatsApp Busi-ness
 []


Underfull \hbox (badness 10000) in paragraph at lines 271--271
[]|\OT1/cmr/m/n/10.95 Historia cl^^S^^Pnica
 []


Overfull \hbox (1.23639pt too wide) in alignment at lines 194--286
[] []
 []

ignored error: Infinite glue shrinkage found in box being split [7]
(Archivo_LateX_V3_IR.bbl [8] [9]) [10]
Overfull \hbox (11.21126pt too wide) in paragraph at lines 339--340
[]\OT1/cmr/m/n/10.95 Gesti^^Son de la his-to-ria cl^^S^^Pnica electr^^Sonica co
n reg-istro de an-tecedentes, di-agn^^Sosticos, tratamien-
 []


Overfull \hbox (2.47278pt too wide) in alignment at lines 356--364
[] [] [] []
 []


Overfull \hbox (2.47278pt too wide) in alignment at lines 364--367
[] [] [] []
 []


Underfull \hbox (badness 10000) in paragraph at lines 368--368
[]|\OT1/cmr/m/n/10.95 Atenci^^Son cl^^S^^Pnica
 []


Underfull \hbox (badness 2951) in paragraph at lines 369--370
[]|\OT1/cmr/m/n/10.95 Informaci^^Son ac-tu-al-izada del pa-
 []


Underfull \hbox (badness 10000) in paragraph at lines 370--370
[]|\OT1/cmr/m/n/10.95 Seguimiento del
 []


Underfull \hbox (badness 10000) in paragraph at lines 370--370
\OT1/cmr/m/n/10.95 bi-en-es-tar del
 []


Underfull \hbox (badness 3884) in paragraph at lines 372--372
[]|\OT1/cmr/m/n/10.95 Atenci^^Son efi-ciente
 []


Overfull \hbox (2.47278pt too wide) in alignment at lines 367--376
[] [] [] []
 []

[11]
<Imagenes_DCF_IR_LATEX/Diagrama_SD.png, id=956, 753.81625pt x 944.52875pt>
File: Imagenes_DCF_IR_LATEX/Diagrama_SD.png Graphic file (type png)
<use Imagenes_DCF_IR_LATEX/Diagrama_SD.png>
Package pdftex.def Info: Imagenes_DCF_IR_LATEX/Diagrama_SD.png  used on input l
ine 386.
(pdftex.def)             Requested size: 341.43307pt x 427.80118pt.
 [12]
<Imagenes_DCF_IR_LATEX/Diagrama_SR.png, id=964, 783.92876pt x 783.92876pt>
File: Imagenes_DCF_IR_LATEX/Diagrama_SR.png Graphic file (type png)
<use Imagenes_DCF_IR_LATEX/Diagrama_SR.png>
Package pdftex.def Info: Imagenes_DCF_IR_LATEX/Diagrama_SR.png  used on input l
ine 401.
(pdftex.def)             Requested size: 341.43307pt x 341.43687pt.
 [13 <./Imagenes_DCF_IR_LATEX/Diagrama_SD.png>] [14 <./Imagenes_DCF_IR_LATEX/Di
agrama_SR.png>]
Underfull \hbox (badness 10000) in paragraph at lines 459--460
[]|\OT1/cmr/bx/n/10.95 RF rela-
 []


Overfull \hbox (2.47278pt too wide) in alignment at lines 453--461
[] [] [] []
 []


Underfull \hbox (badness 1132) in paragraph at lines 466--469
\OT1/cmr/m/n/10.95 opci^^Son para mostrar u ocul-tar la con-
 []


Underfull \hbox (badness 10000) in paragraph at lines 478--479
[]|\OT1/cmr/m/n/10.95 Por nor-
 []


Underfull \hbox (badness 10000) in paragraph at lines 481--481
[]|\OT1/cmr/m/n/10.95 Gesti^^Son de pa-
 []


Underfull \hbox (badness 4378) in paragraph at lines 489--489
[]|\OT1/cmr/m/n/10.95 Recepci^^Son y Re-
 []


Underfull \hbox (badness 5519) in paragraph at lines 509--511
\OT1/cmr/m/n/10.95 23, RF-24,
 []


Underfull \hbox (badness 10000) in paragraph at lines 515--517
\OT1/cmr/m/n/10.95 per-atura, presi^^Son ar-te-rial, fre-cuen-cia
 []


Underfull \hbox (badness 3954) in paragraph at lines 515--517
\OT1/cmr/m/n/10.95 card^^S^^Paca, fre-cuen-cia res-pi-ra-to-ria, sat-u-
 []


Underfull \hbox (badness 10000) in paragraph at lines 518--519
[]|\OT1/cmr/m/n/10.95 Por nor-
 []


Underfull \hbox (badness 10000) in paragraph at lines 521--521
[]|\OT1/cmr/m/n/10.95 Historia cl^^S^^Pnica
 []


Underfull \hbox (badness 10000) in paragraph at lines 529--529
[]|\OT1/cmr/m/n/10.95 Atenci^^Son y
 []


Underfull \hbox (badness 10000) in paragraph at lines 536--536
[]|\OT1/cmr/m/n/10.95 Seguimiento de
 []


Underfull \hbox (badness 2680) in paragraph at lines 538--540
\OT1/cmr/m/n/10.95 agn^^Sostico ini-cial, tratamiento, ob-ser-va-
 []


Underfull \hbox (badness 10000) in paragraph at lines 541--542
[]|\OT1/cmr/m/n/10.95 Por nor-
 []


Underfull \hbox (badness 10000) in paragraph at lines 549--550
[]|\OT1/cmr/m/n/10.95 Por nor-
 []


Underfull \hbox (badness 10000) in paragraph at lines 557--558
[]|\OT1/cmr/m/n/10.95 Por nor-
 []


Underfull \hbox (badness 10000) in paragraph at lines 562--564
[]|\OT1/cmr/m/n/10.95 Diagn^^Sostico rela-cionado, se-lec-tor de
 []


Underfull \hbox (badness 6808) in paragraph at lines 562--564
\OT1/cmr/m/n/10.95 de ad-min-is-traci^^Son, in-di-ca-ciones, vista
 []


Underfull \hbox (badness 1478) in paragraph at lines 578--580
\OT1/cmr/m/n/10.95 scrita, can-ti-dad en-tre-gada, re-spon-s-able,
 []


Underfull \hbox (badness 10000) in paragraph at lines 581--582
[]|\OT1/cmr/m/n/10.95 Por nor-
 []


Underfull \hbox (badness 1902) in paragraph at lines 586--587
\OT1/cmr/m/n/10.95 fe-sional, tipo de atenci^^Son y cat-e-gor^^S^^Pa;
 []


Underfull \hbox (badness 1303) in paragraph at lines 593--595
[]|\OT1/cmr/m/n/10.95 Listado de usuar-ios, creaci^^Son de cuen-
 []


Underfull \hbox (badness 1242) in paragraph at lines 599--599
[]|\OT1/cmr/m/n/10.95 Auditor^^S^^Pa del sis-
 []


Underfull \hbox (badness 10000) in paragraph at lines 603--604
[]|\OT1/cmr/m/n/10.95 Por nor-
 []


Underfull \hbox (badness 1558) in paragraph at lines 621--622
[]|\OT1/cmr/m/n/10.95 Baja (pro-
 []


Overfull \hbox (2.47278pt too wide) in alignment at lines 461--630
[] [] [] []
 []

ignored error: Infinite glue shrinkage found in box being split [15]
ignored error: Infinite glue shrinkage found in box being split [16]
<Imagenes_DCF_IR_LATEX/I_Inicio_Sesion.png, id=991, 883.04906pt x 482.55281pt>
File: Imagenes_DCF_IR_LATEX/I_Inicio_Sesion.png Graphic file (type png)
<use Imagenes_DCF_IR_LATEX/I_Inicio_Sesion.png>
Package pdftex.def Info: Imagenes_DCF_IR_LATEX/I_Inicio_Sesion.png  used on inp
ut line 634.
(pdftex.def)             Requested size: 223.07211pt x 121.897pt.
<Imagenes_DCF_IR_LATEX/I_Odontologia.png, id=992, 1444.64719pt x 692.5875pt>
File: Imagenes_DCF_IR_LATEX/I_Odontologia.png Graphic file (type png)
<use Imagenes_DCF_IR_LATEX/I_Odontologia.png>
Package pdftex.def Info: Imagenes_DCF_IR_LATEX/I_Odontologia.png  used on input
 line 641.
(pdftex.def)             Requested size: 341.43307pt x 163.68806pt.
 [17 <./Imagenes_DCF_IR_LATEX/I_Inicio_Sesion.png>]
<Imagenes_DCF_IR_LATEX/I_MedicoGeneral.png, id=999, 427.05pt x 256.23pt>
File: Imagenes_DCF_IR_LATEX/I_MedicoGeneral.png Graphic file (type png)
<use Imagenes_DCF_IR_LATEX/I_MedicoGeneral.png>
Package pdftex.def Info: Imagenes_DCF_IR_LATEX/I_MedicoGeneral.png  used on inp
ut line 648.
(pdftex.def)             Requested size: 341.43307pt x 204.86696pt.
<Imagenes_DCF_IR_LATEX/I_Enfermeria.png, id=1000, 1444.64719pt x 685.05937pt>
File: Imagenes_DCF_IR_LATEX/I_Enfermeria.png Graphic file (type png)
<use Imagenes_DCF_IR_LATEX/I_Enfermeria.png>
Package pdftex.def Info: Imagenes_DCF_IR_LATEX/I_Enfermeria.png  used on input 
line 655.
(pdftex.def)             Requested size: 341.43307pt x 161.90884pt.
 [18 <./Imagenes_DCF_IR_LATEX/I_Odontologia.png> <./Imagenes_DCF_IR_LATEX/I_Med
icoGeneral.png> <./Imagenes_DCF_IR_LATEX/I_Enfermeria.png>]
Underfull \hbox (badness 10000) in alignment at lines 665--674
[] [] []
 []


Underfull \hbox (badness 10000) in alignment at lines 674--677
[] [] []
 []


Underfull \hbox (badness 5490) in paragraph at lines 680--680
[]|\OT1/cmr/m/n/10.95 Acceso me-di-ante nave-g-ador
 []


Underfull \hbox (badness 10000) in paragraph at lines 684--684
[]|\OT1/cmr/m/n/10.95 Computadora
 []


Underfull \hbox (badness 5490) in paragraph at lines 685--685
[]|\OT1/cmr/m/n/10.95 Acceso me-di-ante nave-g-ador
 []


Underfull \hbox (badness 1603) in paragraph at lines 689--689
[]|\OT1/cmr/m/n/10.95 Monitor o pan-
 []


Underfull \hbox (badness 2027) in paragraph at lines 690--691
[]|\OT1/cmr/m/n/10.95 Presentaci^^Son de for-mu-la-rios,
 []


Underfull \hbox (badness 10000) in paragraph at lines 690--691
\OT1/cmr/m/n/10.95 ex-pe-di-entes, cal-en-dar-ios,
 []


Underfull \hbox (badness 5119) in paragraph at lines 690--691
\OT1/cmr/m/n/10.95 tablas, re-portes, aler-tas y
 []


Underfull \hbox (badness 10000) in paragraph at lines 692--693
[]|\OT1/cmr/m/n/10.95 Visualizaci^^Son de las fun-ciones
 []


Underfull \hbox (badness 6691) in paragraph at lines 704--704
[]|\OT1/cmr/m/n/10.95 Comunicaci^^Son me-di-ante los
 []


Underfull \hbox (badness 10000) in paragraph at lines 709--709
[]|\OT1/cmr/m/n/10.95 Dispositivo
 []


Underfull \hbox (badness 5490) in paragraph at lines 710--710
[]|\OT1/cmr/m/n/10.95 Acceso me-di-ante nave-g-ador
 []


Underfull \hbox (badness 7397) in paragraph at lines 716--718
[]|\OT1/cmr/m/n/10.95 Procesamiento cen-tral-izado, al-ma-ce-
 []


Underfull \hbox (badness 2050) in paragraph at lines 716--718
\OT1/cmr/m/n/10.95 namiento, au-t-en-ti-caci^^Son, au-di-tor^^S^^Pa y
 []


Underfull \hbox (badness 10000) in paragraph at lines 719--719
[]|\OT1/cmr/m/n/10.95 Dispositivo de
 []


Underfull \hbox (badness 1354) in paragraph at lines 720--720
[]|\OT1/cmr/m/n/10.95 Almacenamiento lo-cal o ex-
 []


Underfull \hbox (badness 10000) in alignment at lines 677--724
[] [] []
 []


Overfull \hbox (13.23639pt too wide) in alignment at lines 728--736
[] [] []
 []


Overfull \hbox (13.23639pt too wide) in alignment at lines 736--739
[] [] []
 []


Underfull \hbox (badness 10000) in paragraph at lines 750--750
[]|\OT1/cmr/m/n/10.95 Servidor de apli-ca-
 []


Underfull \hbox (badness 10000) in paragraph at lines 756--757
[]|\OT1/cmr/m/n/10.95 Almacenamiento es-truc-
 []


Underfull \hbox (badness 1946) in paragraph at lines 756--757
\OT1/cmr/m/n/10.95 turado de pa-cientes, citas,
 []


Underfull \hbox (badness 10000) in paragraph at lines 756--757
\OT1/cmr/m/n/10.95 his-to-rias cl^^S^^Pnicas, medica-
 []


Underfull \hbox (badness 3492) in paragraph at lines 758--760
[]|\OT1/cmr/m/n/10.95 Deber^^Sa man-tener in-te-gri-dad, rela-
 []


Underfull \hbox (badness 5091) in paragraph at lines 762--762
[]|\OT1/cmr/m/n/10.95 Ejecuci^^Son de los ser-vi-cios
 []


Underfull \hbox (badness 10000) in paragraph at lines 762--762
\OT1/cmr/m/n/10.95 nece-sar-ios para alo-jar el
 []


Underfull \hbox (badness 10000) in paragraph at lines 763--764
[]|\OT1/cmr/m/n/10.95 La plataforma es-pec^^S^^Pfica de-ber^^Sa
 []


Underfull \hbox (badness 1082) in paragraph at lines 763--764
\OT1/cmr/m/n/10.95 definirse en la ar-qui-tec-tura t^^Secnica
 []


Underfull \hbox (badness 10000) in paragraph at lines 765--765
[]|\OT1/cmr/m/n/10.95 Servicio de au-t-en-ti-
 []


Underfull \hbox (badness 5245) in paragraph at lines 766--766
\OT1/cmr/m/n/10.95 den-ciales, se-siones y per-
 []


Underfull \hbox (badness 10000) in paragraph at lines 770--770
[]|\OT1/cmr/m/n/10.95 Servicio de correo
 []


Underfull \hbox (badness 4981) in paragraph at lines 771--772
[]|\OT1/cmr/m/n/10.95 Env^^S^^Po de re-cu-peraci^^Son de
 []


Underfull \hbox (badness 10000) in paragraph at lines 771--772
\OT1/cmr/m/n/10.95 con-trase~na, con-fir-ma-ciones,
 []


Underfull \hbox (badness 1939) in paragraph at lines 771--772
\OT1/cmr/m/n/10.95 recorda-to-rios, com-pro-bantes
 []


Underfull \hbox (badness 1077) in paragraph at lines 782--782
\OT1/cmr/m/n/10.95 bantes, re-portes y archivos
 []


Underfull \hbox (badness 10000) in paragraph at lines 786--786
[]|\OT1/cmr/m/n/10.95 Servicio de al-ma-ce-
 []


Underfull \hbox (badness 3179) in paragraph at lines 788--790
[]|\OT1/cmr/m/n/10.95 Los archivos de-ber^^San aso-cia-rse al
 []


Underfull \hbox (badness 1052) in paragraph at lines 793--795
[]|\OT1/cmr/m/n/10.95 Deber^^Sa eje-cu-tarse con la pe-ri-od-i-ci-
 []


Underfull \hbox (badness 4254) in paragraph at lines 797--797
[]|\OT1/cmr/m/n/10.95 Registro de ac-ciones re-al-
 []


Underfull \hbox (badness 10000) in paragraph at lines 798--800
[]|\OT1/cmr/m/n/10.95 Deber^^Sa reg-is-trar usuario, acci^^Son,
 []


Underfull \hbox (badness 6141) in paragraph at lines 798--800
\OT1/cmr/m/n/10.95 m^^Sodulo, fecha, hora y el-e-mento
 []


Underfull \hbox (badness 1810) in paragraph at lines 798--800
\OT1/cmr/m/n/10.95 afec-tado, sin per-mi-tir mod-i-fi-caci^^Son
 []


Underfull \hbox (badness 4060) in paragraph at lines 803--805
\OT1/cmr/m/n/10.95 per-misos y reg-is-trar la op-eraci^^Son
 []


Overfull \hbox (13.23639pt too wide) in alignment at lines 739--806
[] [] []
 []

ignored error: Infinite glue shrinkage found in box being split [19] [20]
Underfull \hbox (badness 10000) in alignment at lines 815--820
[] []
 []


Underfull \hbox (badness 10000) in paragraph at lines 830--830
[]|\OT1/cmr/m/n/10.95 Precondiciones / Post-
 []


Underfull \hbox (badness 10000) in alignment at lines 820--839
[] []
 []


Underfull \hbox (badness 10000) in alignment at lines 843--848
[] []
 []


Underfull \hbox (badness 10000) in paragraph at lines 855--855
[]|\OT1/cmr/m/n/10.95 Precondiciones / Post-
 []


Underfull \hbox (badness 10000) in alignment at lines 848--861
[] []
 []


Underfull \hbox (badness 10000) in alignment at lines 865--870
[] []
 []


Underfull \hbox (badness 10000) in paragraph at lines 877--877
[]|\OT1/cmr/m/n/10.95 Precondiciones / Post-
 []


Underfull \hbox (badness 10000) in alignment at lines 870--883
[] []
 []

[21]
Underfull \hbox (badness 10000) in alignment at lines 887--892
[] []
 []


Underfull \hbox (badness 10000) in paragraph at lines 899--899
[]|\OT1/cmr/m/n/10.95 Precondiciones / Post-
 []


Underfull \hbox (badness 10000) in alignment at lines 892--905
[] []
 []


Underfull \hbox (badness 10000) in alignment at lines 909--914
[] []
 []


Underfull \hbox (badness 10000) in paragraph at lines 921--921
[]|\OT1/cmr/m/n/10.95 Precondiciones / Post-
 []


Underfull \hbox (badness 10000) in alignment at lines 914--927
[] []
 []

ignored error: Infinite glue shrinkage found in box being split [22]
Underfull \hbox (badness 10000) in alignment at lines 931--936
[] []
 []


Underfull \hbox (badness 10000) in paragraph at lines 943--943
[]|\OT1/cmr/m/n/10.95 Precondiciones / Post-
 []


Underfull \hbox (badness 10000) in alignment at lines 936--949
[] []
 []


Underfull \hbox (badness 10000) in alignment at lines 953--958
[] []
 []


Underfull \hbox (badness 10000) in paragraph at lines 965--965
[]|\OT1/cmr/m/n/10.95 Precondiciones / Post-
 []


Underfull \hbox (badness 10000) in alignment at lines 958--971
[] []
 []


Underfull \hbox (badness 10000) in alignment at lines 975--980
[] []
 []


Underfull \hbox (badness 10000) in paragraph at lines 987--987
[]|\OT1/cmr/m/n/10.95 Precondiciones / Post-
 []


Underfull \hbox (badness 10000) in alignment at lines 980--992
[] []
 []

[23]
Underfull \hbox (badness 10000) in alignment at lines 996--1001
[] []
 []


Underfull \hbox (badness 10000) in paragraph at lines 1008--1008
[]|\OT1/cmr/m/n/10.95 Precondiciones / Post-
 []


Underfull \hbox (badness 10000) in alignment at lines 1001--1012
[] []
 []


Underfull \hbox (badness 10000) in alignment at lines 1016--1021
[] []
 []


Underfull \hbox (badness 10000) in paragraph at lines 1028--1028
[]|\OT1/cmr/m/n/10.95 Precondiciones / Post-
 []


Underfull \hbox (badness 10000) in alignment at lines 1021--1032
[] []
 []

ignored error: Infinite glue shrinkage found in box being split [24]
Underfull \hbox (badness 10000) in alignment at lines 1036--1041
[] []
 []


Underfull \hbox (badness 10000) in paragraph at lines 1048--1048
[]|\OT1/cmr/m/n/10.95 Precondiciones / Post-
 []


Underfull \hbox (badness 10000) in alignment at lines 1041--1052
[] []
 []


Underfull \hbox (badness 10000) in alignment at lines 1056--1061
[] []
 []


Underfull \hbox (badness 10000) in paragraph at lines 1068--1068
[]|\OT1/cmr/m/n/10.95 Precondiciones / Post-
 []


Underfull \hbox (badness 10000) in alignment at lines 1061--1072
[] []
 []

ignored error: Infinite glue shrinkage found in box being split [25]
Underfull \hbox (badness 10000) in alignment at lines 1076--1081
[] []
 []


Underfull \hbox (badness 10000) in paragraph at lines 1088--1088
[]|\OT1/cmr/m/n/10.95 Precondiciones / Post-
 []


Underfull \hbox (badness 2772) in paragraph at lines 1090--1091
[]|\OT1/cmr/m/n/10.95 Si no hay disponi-bil-i-dad, el sis-tema debe sug-erir au
-
 []


Underfull \hbox (badness 10000) in alignment at lines 1081--1092
[] []
 []


Underfull \hbox (badness 10000) in alignment at lines 1095--1099
[] []
 []


Underfull \hbox (badness 10000) in paragraph at lines 1105--1105
[]|\OT1/cmr/m/n/10.95 Precondiciones / Post-
 []


Underfull \hbox (badness 10000) in alignment at lines 1099--1109
[] []
 []


Underfull \hbox (badness 10000) in alignment at lines 1113--1118
[] []
 []


Underfull \hbox (badness 1292) in paragraph at lines 1133--1134
[]|\OT1/cmr/m/n/10.95 Entrada: medica-mento o in-sumo, nom-bre, pre-sentaci^^So
n,
 []


Underfull \hbox (badness 10000) in paragraph at lines 1135--1135
[]|\OT1/cmr/m/n/10.95 Precondiciones / Post-
 []


Underfull \hbox (badness 10000) in alignment at lines 1118--1145
[] []
 []

[26]
Underfull \hbox (badness 10000) in alignment at lines 1149--1154
[] []
 []


Underfull \hbox (badness 10000) in paragraph at lines 1161--1161
[]|\OT1/cmr/m/n/10.95 Precondiciones / Post-
 []


Underfull \hbox (badness 10000) in alignment at lines 1154--1165
[] []
 []

ignored error: Infinite glue shrinkage found in box being split [27]
Underfull \hbox (badness 10000) in alignment at lines 1169--1174
[] []
 []


Underfull \hbox (badness 10000) in paragraph at lines 1181--1181
[]|\OT1/cmr/m/n/10.95 Precondiciones / Post-
 []


Underfull \hbox (badness 2205) in paragraph at lines 1181--1182
[]|\OT1/cmr/m/n/10.95 El ad-min-istrador est^^Sa au-t-en-ti-cado con per-misos 
ac-tivos
 []


Underfull \hbox (badness 2635) in paragraph at lines 1181--1182
\OT1/cmr/m/n/10.95 / El per-fil del per-sonal m^^Sedico queda al-ma-ce-nado en
 []


Underfull \hbox (badness 2326) in paragraph at lines 1183--1184
[]|\OT1/cmr/m/n/10.95 Verificar que el per-fil creado sea re-cu-per-a-ble me-di
-ante
 []


Underfull \hbox (badness 10000) in alignment at lines 1174--1185
[] []
 []


Underfull \hbox (badness 10000) in alignment at lines 1189--1194
[] []
 []


Underfull \hbox (badness 10000) in paragraph at lines 1201--1201
[]|\OT1/cmr/m/n/10.95 Precondiciones / Post-
 []


Underfull \hbox (badness 10000) in alignment at lines 1194--1205
[] []
 []

ignored error: Infinite glue shrinkage found in box being split [28]
Underfull \hbox (badness 10000) in alignment at lines 1209--1214
[] []
 []


Underfull \hbox (badness 10000) in paragraph at lines 1221--1221
[]|\OT1/cmr/m/n/10.95 Precondiciones / Post-
 []


Underfull \hbox (badness 10000) in alignment at lines 1214--1225
[] []
 []


Underfull \hbox (badness 10000) in alignment at lines 1229--1234
[] []
 []


Underfull \hbox (badness 10000) in paragraph at lines 1241--1241
[]|\OT1/cmr/m/n/10.95 Precondiciones / Post-
 []


Underfull \hbox (badness 10000) in alignment at lines 1234--1245
[] []
 []


Underfull \hbox (badness 10000) in alignment at lines 1249--1254
[] []
 []


Underfull \hbox (badness 1924) in paragraph at lines 1259--1260
[]|\OT1/cmr/m/n/10.95 Personal de fac-turaci^^Son / Req-ui-sito nor-ma-tivo del
 SRI
 []


Underfull \hbox (badness 10000) in paragraph at lines 1261--1261
[]|\OT1/cmr/m/n/10.95 Precondiciones / Post-
 []


Underfull \hbox (badness 10000) in alignment at lines 1254--1265
[] []
 []

[29]
Underfull \hbox (badness 10000) in alignment at lines 1269--1274
[] []
 []


Underfull \hbox (badness 10000) in paragraph at lines 1281--1281
[]|\OT1/cmr/m/n/10.95 Precondiciones / Post-
 []


Underfull \hbox (badness 10000) in alignment at lines 1274--1285
[] []
 []


Underfull \hbox (badness 10000) in alignment at lines 1289--1294
[] []
 []


Underfull \hbox (badness 10000) in paragraph at lines 1301--1301
[]|\OT1/cmr/m/n/10.95 Precondiciones / Post-
 []


Underfull \hbox (badness 10000) in alignment at lines 1294--1305
[] []
 []

[30]
Underfull \hbox (badness 10000) in alignment at lines 1309--1314
[] []
 []


Underfull \hbox (badness 10000) in paragraph at lines 1321--1321
[]|\OT1/cmr/m/n/10.95 Precondiciones / Post-
 []


Underfull \hbox (badness 10000) in alignment at lines 1314--1325
[] []
 []


Underfull \hbox (badness 10000) in alignment at lines 1329--1334
[] []
 []


Underfull \hbox (badness 10000) in paragraph at lines 1341--1341
[]|\OT1/cmr/m/n/10.95 Precondiciones / Post-
 []


Underfull \hbox (badness 10000) in alignment at lines 1334--1345
[] []
 []

ignored error: Infinite glue shrinkage found in box being split [31]
Underfull \hbox (badness 10000) in alignment at lines 1351--1356
[] []
 []


Underfull \hbox (badness 10000) in paragraph at lines 1363--1363
[]|\OT1/cmr/m/n/10.95 Precondiciones / Post-
 []


Underfull \hbox (badness 10000) in alignment at lines 1356--1367
[] []
 []


Underfull \hbox (badness 10000) in alignment at lines 1371--1376
[] []
 []


Underfull \hbox (badness 10000) in paragraph at lines 1383--1383
[]|\OT1/cmr/m/n/10.95 Precondiciones / Post-
 []


Underfull \hbox (badness 10000) in alignment at lines 1376--1387
[] []
 []

ignored error: Infinite glue shrinkage found in box being split [32]
Underfull \hbox (badness 10000) in alignment at lines 1391--1396
[] []
 []


Underfull \hbox (badness 10000) in paragraph at lines 1403--1403
[]|\OT1/cmr/m/n/10.95 Precondiciones / Post-
 []


Underfull \hbox (badness 10000) in alignment at lines 1396--1407
[] []
 []


Underfull \hbox (badness 10000) in alignment at lines 1411--1416
[] []
 []


Underfull \hbox (badness 10000) in paragraph at lines 1423--1423
[]|\OT1/cmr/m/n/10.95 Precondiciones / Post-
 []


Underfull \hbox (badness 10000) in alignment at lines 1416--1427
[] []
 []

ignored error: Infinite glue shrinkage found in box being split [33]
Underfull \hbox (badness 10000) in alignment at lines 1431--1436
[] []
 []


Underfull \hbox (badness 10000) in paragraph at lines 1443--1443
[]|\OT1/cmr/m/n/10.95 Precondiciones / Post-
 []


Underfull \hbox (badness 10000) in alignment at lines 1436--1447
[] []
 []


Underfull \hbox (badness 10000) in alignment at lines 1452--1456
[] []
 []


Underfull \hbox (badness 10000) in paragraph at lines 1462--1462
[]|\OT1/cmr/m/n/10.95 Precondiciones / Post-
 []


Underfull \hbox (badness 10000) in alignment at lines 1456--1466
[] []
 []


Underfull \hbox (badness 10000) in alignment at lines 1469--1473
[] []
 []


Underfull \hbox (badness 10000) in paragraph at lines 1479--1479
[]|\OT1/cmr/m/n/10.95 Precondiciones / Post-
 []


Underfull \hbox (badness 10000) in alignment at lines 1473--1483
[] []
 []

[34]
Underfull \hbox (badness 10000) in alignment at lines 1486--1490
[] []
 []


Underfull \hbox (badness 10000) in paragraph at lines 1496--1496
[]|\OT1/cmr/m/n/10.95 Precondiciones / Post-
 []


Underfull \hbox (badness 10000) in alignment at lines 1490--1500
[] []
 []


Underfull \hbox (badness 10000) in alignment at lines 1504--1509
[] []
 []


Underfull \hbox (badness 10000) in paragraph at lines 1516--1516
[]|\OT1/cmr/m/n/10.95 Precondiciones / Post-
 []


Underfull \hbox (badness 10000) in alignment at lines 1509--1520
[] []
 []

ignored error: Infinite glue shrinkage found in box being split [35]
Underfull \hbox (badness 10000) in alignment at lines 1524--1529
[] []
 []


Underfull \hbox (badness 10000) in paragraph at lines 1536--1536
[]|\OT1/cmr/m/n/10.95 Precondiciones / Post-
 []


Underfull \hbox (badness 10000) in alignment at lines 1529--1540
[] []
 []


Underfull \hbox (badness 10000) in alignment at lines 1543--1547
[] []
 []


Underfull \hbox (badness 10000) in paragraph at lines 1553--1553
[]|\OT1/cmr/m/n/10.95 Precondiciones / Post-
 []


Underfull \hbox (badness 10000) in alignment at lines 1547--1557
[] []
 []


Underfull \hbox (badness 10000) in alignment at lines 1560--1564
[] []
 []


Underfull \hbox (badness 10000) in paragraph at lines 1570--1570
[]|\OT1/cmr/m/n/10.95 Precondiciones / Post-
 []


Underfull \hbox (badness 10000) in alignment at lines 1564--1574
[] []
 []

ignored error: Infinite glue shrinkage found in box being split [36]
Underfull \hbox (badness 10000) in alignment at lines 1578--1583
[] []
 []


Underfull \hbox (badness 10000) in paragraph at lines 1590--1590
[]|\OT1/cmr/m/n/10.95 Precondiciones / Post-
 []


Underfull \hbox (badness 10000) in alignment at lines 1583--1595
[] []
 []


Underfull \hbox (badness 10000) in alignment at lines 1599--1604
[] []
 []


Underfull \hbox (badness 10000) in paragraph at lines 1611--1611
[]|\OT1/cmr/m/n/10.95 Precondiciones / Post-
 []


Underfull \hbox (badness 10000) in alignment at lines 1604--1617
[] []
 []

ignored error: Infinite glue shrinkage found in box being split [37]
Underfull \hbox (badness 10000) in alignment at lines 1621--1626
[] []
 []


Underfull \hbox (badness 10000) in paragraph at lines 1633--1633
[]|\OT1/cmr/m/n/10.95 Precondiciones / Post-
 []


Underfull \hbox (badness 10000) in alignment at lines 1626--1639
[] []
 []


Underfull \hbox (badness 10000) in paragraph at lines 1656--1656
[]|\OT1/cmr/bx/n/10.95 Caracter^^S^^Pstica
 []


Overfull \hbox (2.47972pt too wide) in alignment at lines 1652--1660
[] [] [] []
 []


Underfull \hbox (badness 2951) in paragraph at lines 1670--1671
\OT1/cmr/m/n/10.95 (TLS 1.2+) y en re-poso
 []


Underfull \hbox (badness 1057) in paragraph at lines 1675--1676
\OMS/cmsy/m/n/10.95 ^^U$ \OT1/cmr/m/n/10.95 75/100 en prue-bas con
 []


Underfull \hbox (badness 10000) in paragraph at lines 1678--1678
[]|\OT1/cmr/m/n/10.95 Fiabilidad /
 []


Underfull \hbox (badness 10000) in paragraph at lines 1679--1679
[]|\OT1/cmr/m/n/10.95 El sis-tema debe es-tar
 []


Underfull \hbox (badness 10000) in paragraph at lines 1679--1679
\OT1/cmr/m/n/10.95 disponible du-rante el ho-
 []


Underfull \hbox (badness 10000) in paragraph at lines 1685--1686
[]|\OT1/cmr/m/n/10.95 Cobertura de prue-bas
 []


Underfull \hbox (badness 10000) in paragraph at lines 1685--1686
\OT1/cmr/m/n/10.95 au-tom-a-ti-zadas $\OMS/cmsy/m/n/10.95 ^^U$ \OT1/cmr/m/n/10.
95 70%;
 []


Underfull \hbox (badness 4467) in paragraph at lines 1688--1688
[]|\OT1/cmr/m/n/10.95 Seguridad (con-
 []


Underfull \hbox (badness 10000) in paragraph at lines 1693--1693
[]|\OT1/cmr/m/n/10.95 Compatibilidad
 []


Underfull \hbox (badness 10000) in paragraph at lines 1695--1696
[]|\OT1/cmr/m/n/10.95 Compatibilidad ver-i-fi-cada
 []


Underfull \hbox (badness 3492) in paragraph at lines 1695--1696
\OT1/cmr/m/n/10.95 en Chrome, Edge y Sa-
 []


Underfull \hbox (badness 3199) in paragraph at lines 1695--1696
\OT1/cmr/m/n/10.95 fari (^^Sultimas 2 ver-siones)
 []


Underfull \hbox (badness 10000) in paragraph at lines 1695--1696
\OT1/cmr/m/n/10.95 y en res-olu-ciones desde
 []


Overfull \hbox (2.47972pt too wide) in alignment at lines 1660--1699
[] [] [] []
 []

ignored error: Infinite glue shrinkage found in box being split [38]
Underfull \hbox (badness 10000) in paragraph at lines 1710--1710
[]|\OT1/cmr/bx/n/10.95 Caracter^^S^^Pstica
 []


Overfull \hbox (2.47972pt too wide) in alignment at lines 1706--1714
[] [] [] []
 []


Overfull \hbox (2.47972pt too wide) in alignment at lines 1714--1727
[] [] [] []
 []

ignored error: Infinite glue shrinkage found in box being split [39]
Overfull \hbox (1.23639pt too wide) in alignment at lines 1733--1738
[] []
 []


Underfull \hbox (badness 3168) in paragraph at lines 1744--1744
[]|\OT1/cmr/m/n/10.95 Tipo de ex-pli-caci^^Son re-
 []


Overfull \hbox (1.23639pt too wide) in alignment at lines 1738--1749
[] []
 []


Underfull \hbox (badness 10000) in alignment at lines 1762--1772
[] [] []
 []


Underfull \hbox (badness 10000) in alignment at lines 1772--1774
[] [] []
 []


Underfull \hbox (badness 10000) in alignment at lines 1774--1788
[] [] []
 []

[40]
LaTeX Font Info:    Trying to load font information for OMS+cmr on input line 1
797.
 (C:\Users\USER\AppData\Local\Programs\MiKTeX\tex/latex/base\omscmr.fd
File: omscmr.fd 2024/11/19 v2.5n Standard LaTeX font definitions
)
LaTeX Font Info:    Font shape `OMS/cmr/m/n' in size <10.95> not available
(Font)              Font shape `OMS/cmsy/m/n' tried instead on input line 1797.


Overfull \hbox (9.21486pt too wide) in paragraph at lines 1804--1804
[]|\OT1/cmr/bx/n/10.95 ?`Cumple?| 
 []


Underfull \hbox (badness 10000) in alignment at lines 1799--1807
[] [] []
 []


Underfull \hbox (badness 10000) in alignment at lines 1807--1817
[] [] []
 []

[41]
Overfull \hbox (9.21486pt too wide) in paragraph at lines 1844--1844
[]|\OT1/cmr/bx/n/10.95 ?`Cumple?| 
 []


Underfull \hbox (badness 10000) in alignment at lines 1839--1847
[] [] []
 []


Underfull \hbox (badness 10000) in alignment at lines 1847--1857
[] [] []
 []

ignored error: Infinite glue shrinkage found in box being split [42]
Overfull \hbox (9.21486pt too wide) in paragraph at lines 1884--1884
[]|\OT1/cmr/bx/n/10.95 ?`Cumple?| 
 []


Underfull \hbox (badness 10000) in alignment at lines 1879--1887
[] [] []
 []


Underfull \hbox (badness 10000) in alignment at lines 1887--1897
[] [] []
 []

[43]
Overfull \hbox (9.21486pt too wide) in paragraph at lines 1924--1924
[]|\OT1/cmr/bx/n/10.95 ?`Cumple?| 
 []


Underfull \hbox (badness 10000) in alignment at lines 1919--1927
[] [] []
 []


Underfull \hbox (badness 10000) in alignment at lines 1927--1936
[] [] []
 []

[44]
Overfull \hbox (9.21486pt too wide) in paragraph at lines 1963--1963
[]|\OT1/cmr/bx/n/10.95 ?`Cumple?| 
 []


Underfull \hbox (badness 10000) in alignment at lines 1958--1966
[] [] []
 []


Underfull \hbox (badness 10000) in alignment at lines 1966--1976
[] [] []
 []

[45]
Overfull \hbox (9.21486pt too wide) in paragraph at lines 2006--2006
[]|\OT1/cmr/bx/n/10.95 ?`Cumple?| 
 []


Underfull \hbox (badness 10000) in alignment at lines 2001--2009
[] [] []
 []


Underfull \hbox (badness 10000) in alignment at lines 2009--2019
[] [] []
 []


Overfull \hbox (9.21486pt too wide) in paragraph at lines 2042--2042
[]|\OT1/cmr/bx/n/10.95 ?`Cumple?| 
 []


Underfull \hbox (badness 10000) in alignment at lines 2037--2045
[] [] []
 []


Underfull \hbox (badness 10000) in alignment at lines 2045--2055
[] [] []
 []

[46]
Overfull \hbox (9.21486pt too wide) in paragraph at lines 2078--2078
[]|\OT1/cmr/bx/n/10.95 ?`Cumple?| 
 []


Underfull \hbox (badness 10000) in alignment at lines 2073--2081
[] [] []
 []


Underfull \hbox (badness 10000) in alignment at lines 2081--2090
[] [] []
 []


Overfull \hbox (9.21486pt too wide) in paragraph at lines 2113--2113
[]|\OT1/cmr/bx/n/10.95 ?`Cumple?| 
 []


Underfull \hbox (badness 10000) in alignment at lines 2108--2116
[] [] []
 []


Underfull \hbox (badness 10000) in alignment at lines 2116--2126
[] [] []
 []

ignored error: Infinite glue shrinkage found in box being split [47]
Overfull \hbox (9.21486pt too wide) in paragraph at lines 2149--2149
[]|\OT1/cmr/bx/n/10.95 ?`Cumple?| 
 []


Underfull \hbox (badness 10000) in alignment at lines 2144--2152
[] [] []
 []


Underfull \hbox (badness 10000) in alignment at lines 2152--2162
[] [] []
 []


Overfull \hbox (9.21486pt too wide) in paragraph at lines 2185--2185
[]|\OT1/cmr/bx/n/10.95 ?`Cumple?| 
 []


Underfull \hbox (badness 10000) in alignment at lines 2180--2188
[] [] []
 []


Underfull \hbox (badness 10000) in alignment at lines 2188--2199
[] [] []
 []

[48]
Overfull \hbox (9.21486pt too wide) in paragraph at lines 2222--2222
[]|\OT1/cmr/bx/n/10.95 ?`Cumple?| 
 []


Underfull \hbox (badness 10000) in alignment at lines 2217--2225
[] [] []
 []


Underfull \hbox (badness 10000) in alignment at lines 2225--2235
[] [] []
 []

[49]
Overfull \hbox (9.21486pt too wide) in paragraph at lines 2258--2258
[]|\OT1/cmr/bx/n/10.95 ?`Cumple?| 
 []


Underfull \hbox (badness 10000) in alignment at lines 2253--2261
[] [] []
 []


Underfull \hbox (badness 10000) in alignment at lines 2261--2271
[] [] []
 []


Overfull \hbox (9.21486pt too wide) in paragraph at lines 2294--2294
[]|\OT1/cmr/bx/n/10.95 ?`Cumple?| 
 []


Underfull \hbox (badness 10000) in alignment at lines 2289--2297
[] [] []
 []


Underfull \hbox (badness 10000) in alignment at lines 2297--2306
[] [] []
 []

[50]
Overfull \hbox (9.21486pt too wide) in paragraph at lines 2329--2329
[]|\OT1/cmr/bx/n/10.95 ?`Cumple?| 
 []


Underfull \hbox (badness 10000) in alignment at lines 2324--2332
[] [] []
 []


Underfull \hbox (badness 10000) in alignment at lines 2332--2341
[] [] []
 []


Overfull \hbox (9.21486pt too wide) in paragraph at lines 2364--2364
[]|\OT1/cmr/bx/n/10.95 ?`Cumple?| 
 []


Underfull \hbox (badness 10000) in alignment at lines 2359--2367
[] [] []
 []


Underfull \hbox (badness 10000) in alignment at lines 2367--2376
[] [] []
 []

ignored error: Infinite glue shrinkage found in box being split [51]
Overfull \hbox (9.21486pt too wide) in paragraph at lines 2399--2399
[]|\OT1/cmr/bx/n/10.95 ?`Cumple?| 
 []


Underfull \hbox (badness 10000) in alignment at lines 2394--2402
[] [] []
 []


Underfull \hbox (badness 10000) in alignment at lines 2402--2411
[] [] []
 []


Overfull \hbox (9.21486pt too wide) in paragraph at lines 2434--2434
[]|\OT1/cmr/bx/n/10.95 ?`Cumple?| 
 []


Underfull \hbox (badness 10000) in alignment at lines 2429--2437
[] [] []
 []


Underfull \hbox (badness 10000) in alignment at lines 2437--2446
[] [] []
 []

[52]
Overfull \hbox (9.21486pt too wide) in paragraph at lines 2469--2469
[]|\OT1/cmr/bx/n/10.95 ?`Cumple?| 
 []


Underfull \hbox (badness 10000) in alignment at lines 2464--2472
[] [] []
 []


Underfull \hbox (badness 10000) in alignment at lines 2472--2481
[] [] []
 []

[53]
Overfull \hbox (9.21486pt too wide) in paragraph at lines 2504--2504
[]|\OT1/cmr/bx/n/10.95 ?`Cumple?| 
 []


Underfull \hbox (badness 10000) in alignment at lines 2499--2507
[] [] []
 []


Underfull \hbox (badness 10000) in alignment at lines 2507--2516
[] [] []
 []


Overfull \hbox (9.21486pt too wide) in paragraph at lines 2539--2539
[]|\OT1/cmr/bx/n/10.95 ?`Cumple?| 
 []


Underfull \hbox (badness 10000) in alignment at lines 2534--2542
[] [] []
 []


Underfull \hbox (badness 10000) in alignment at lines 2542--2552
[] [] []
 []

[54]
Overfull \hbox (9.21486pt too wide) in paragraph at lines 2575--2575
[]|\OT1/cmr/bx/n/10.95 ?`Cumple?| 
 []


Underfull \hbox (badness 10000) in alignment at lines 2570--2578
[] [] []
 []


Underfull \hbox (badness 10000) in alignment at lines 2578--2587
[] [] []
 []


Overfull \hbox (9.21486pt too wide) in paragraph at lines 2614--2614
[]|\OT1/cmr/bx/n/10.95 ?`Cumple?| 
 []


Underfull \hbox (badness 10000) in alignment at lines 2612--2616
[] [] []
 []


Underfull \hbox (badness 10000) in alignment at lines 2616--2624
[] [] []
 []

ignored error: Infinite glue shrinkage found in box being split [55]
Overfull \hbox (9.21486pt too wide) in paragraph at lines 2640--2640
[]|\OT1/cmr/bx/n/10.95 ?`Cumple?| 
 []


Underfull \hbox (badness 10000) in alignment at lines 2638--2642
[] [] []
 []


Underfull \hbox (badness 10000) in alignment at lines 2642--2650
[] [] []
 []


Overfull \hbox (9.21486pt too wide) in paragraph at lines 2666--2666
[]|\OT1/cmr/bx/n/10.95 ?`Cumple?| 
 []


Underfull \hbox (badness 10000) in alignment at lines 2664--2668
[] [] []
 []


Underfull \hbox (badness 10000) in alignment at lines 2668--2676
[] [] []
 []

ignored error: Infinite glue shrinkage found in box being split [56]
Overfull \hbox (9.21486pt too wide) in paragraph at lines 2692--2692
[]|\OT1/cmr/bx/n/10.95 ?`Cumple?| 
 []


Underfull \hbox (badness 10000) in alignment at lines 2690--2694
[] [] []
 []


Underfull \hbox (badness 10000) in alignment at lines 2694--2702
[] [] []
 []


Overfull \hbox (9.21486pt too wide) in paragraph at lines 2718--2718
[]|\OT1/cmr/bx/n/10.95 ?`Cumple?| 
 []


Underfull \hbox (badness 10000) in alignment at lines 2716--2720
[] [] []
 []


Underfull \hbox (badness 10000) in alignment at lines 2720--2728
[] [] []
 []

ignored error: Infinite glue shrinkage found in box being split [57]
Overfull \hbox (9.21486pt too wide) in paragraph at lines 2744--2744
[]|\OT1/cmr/bx/n/10.95 ?`Cumple?| 
 []


Underfull \hbox (badness 10000) in alignment at lines 2742--2746
[] [] []
 []


Underfull \hbox (badness 10000) in alignment at lines 2746--2754
[] [] []
 []


Overfull \hbox (9.21486pt too wide) in paragraph at lines 2770--2770
[]|\OT1/cmr/bx/n/10.95 ?`Cumple?| 
 []


Underfull \hbox (badness 10000) in alignment at lines 2768--2772
[] [] []
 []


Underfull \hbox (badness 10000) in alignment at lines 2772--2780
[] [] []
 []

[58]
Overfull \hbox (9.21486pt too wide) in paragraph at lines 2796--2796
[]|\OT1/cmr/bx/n/10.95 ?`Cumple?| 
 []


Underfull \hbox (badness 10000) in alignment at lines 2794--2798
[] [] []
 []


Underfull \hbox (badness 10000) in alignment at lines 2798--2806
[] [] []
 []


Overfull \hbox (9.21486pt too wide) in paragraph at lines 2822--2822
[]|\OT1/cmr/bx/n/10.95 ?`Cumple?| 
 []


Underfull \hbox (badness 10000) in alignment at lines 2820--2824
[] [] []
 []


Underfull \hbox (badness 10000) in alignment at lines 2824--2832
[] [] []
 []

[59]
Overfull \hbox (9.21486pt too wide) in paragraph at lines 2848--2848
[]|\OT1/cmr/bx/n/10.95 ?`Cumple?| 
 []


Underfull \hbox (badness 10000) in alignment at lines 2846--2850
[] [] []
 []


Underfull \hbox (badness 10000) in alignment at lines 2850--2858
[] [] []
 []


Overfull \hbox (9.21486pt too wide) in paragraph at lines 2874--2874
[]|\OT1/cmr/bx/n/10.95 ?`Cumple?| 
 []


Underfull \hbox (badness 10000) in alignment at lines 2872--2876
[] [] []
 []


Underfull \hbox (badness 10000) in alignment at lines 2876--2884
[] [] []
 []

[60]
Overfull \hbox (2.50385pt too wide) in paragraph at lines 2888--2889
[]\OT1/cmr/bx/n/10.95 CA-01 (^^Sexito): \OT1/cmr/m/n/10.95 Dado que ex-iste un 
cat^^Salogo de in-sumos/medicamentos reg-istrado, cuando
 []


Overfull \hbox (9.21486pt too wide) in paragraph at lines 2901--2901
[]|\OT1/cmr/bx/n/10.95 ?`Cumple?| 
 []


Underfull \hbox (badness 10000) in alignment at lines 2898--2903
[] [] []
 []


Underfull \hbox (badness 10000) in alignment at lines 2903--2913
[] [] []
 []

[61]
<Imagenes_DCF_IR_LATEX/Diagrama_CU_G.png, id=1289, 878.53218pt x 601.4972pt>
File: Imagenes_DCF_IR_LATEX/Diagrama_CU_G.png Graphic file (type png)
<use Imagenes_DCF_IR_LATEX/Diagrama_CU_G.png>
Package pdftex.def Info: Imagenes_DCF_IR_LATEX/Diagrama_CU_G.png  used on input
 line 2952.
(pdftex.def)             Requested size: 386.96027pt x 264.9441pt.
 [62 <./Imagenes_DCF_IR_LATEX/Diagrama_CU_G.png>]
Overfull \hbox (1.23639pt too wide) in alignment at lines 2964--2971
[] []
 []


Overfull \hbox (1.23639pt too wide) in alignment at lines 2971--2983
[] []
 []


Overfull \hbox (1.23639pt too wide) in alignment at lines 2987--2994
[] []
 []


Overfull \hbox (1.23639pt too wide) in alignment at lines 2994--3007
[] []
 []

ignored error: Infinite glue shrinkage found in box being split [63]
Overfull \hbox (1.23639pt too wide) in alignment at lines 3011--3017
[] []
 []


Overfull \hbox (1.23639pt too wide) in alignment at lines 3017--3031
[] []
 []


Overfull \hbox (1.23639pt too wide) in alignment at lines 3036--3043
[] []
 []


Overfull \hbox (1.23639pt too wide) in alignment at lines 3043--3056
[] []
 []

ignored error: Infinite glue shrinkage found in box being split [64]
Overfull \hbox (1.23639pt too wide) in alignment at lines 3060--3067
[] []
 []


Overfull \hbox (1.23639pt too wide) in alignment at lines 3067--3080
[] []
 []

[65]
Overfull \hbox (1.23639pt too wide) in alignment at lines 3089--3096
[] []
 []


Overfull \hbox (1.23639pt too wide) in alignment at lines 3096--3108
[] []
 []


Overfull \hbox (1.23639pt too wide) in alignment at lines 3112--3119
[] []
 []


Overfull \hbox (1.23639pt too wide) in alignment at lines 3119--3131
[] []
 []


Overfull \hbox (1.23639pt too wide) in alignment at lines 3135--3142
[] []
 []


Overfull \hbox (1.23639pt too wide) in alignment at lines 3142--3154
[] []
 []

[66]
Overfull \hbox (1.23639pt too wide) in alignment at lines 3158--3165
[] []
 []


Overfull \hbox (1.23639pt too wide) in alignment at lines 3165--3177
[] []
 []


Overfull \hbox (1.23639pt too wide) in alignment at lines 3181--3188
[] []
 []


Overfull \hbox (1.23639pt too wide) in alignment at lines 3188--3200
[] []
 []

ignored error: Infinite glue shrinkage found in box being split [67]
Overfull \hbox (1.23639pt too wide) in alignment at lines 3204--3211
[] []
 []


Overfull \hbox (1.23639pt too wide) in alignment at lines 3211--3224
[] []
 []


Overfull \hbox (1.23639pt too wide) in alignment at lines 3228--3235
[] []
 []


Overfull \hbox (1.23639pt too wide) in alignment at lines 3235--3247
[] []
 []

ignored error: Infinite glue shrinkage found in box being split [68]
Overfull \hbox (1.23639pt too wide) in alignment at lines 3251--3258
[] []
 []


Overfull \hbox (1.23639pt too wide) in alignment at lines 3258--3270
[] []
 []


Overfull \hbox (1.23639pt too wide) in alignment at lines 3274--3281
[] []
 []


Overfull \hbox (1.23639pt too wide) in alignment at lines 3281--3293
[] []
 []

ignored error: Infinite glue shrinkage found in box being split [69]
Overfull \hbox (1.23639pt too wide) in alignment at lines 3297--3304
[] []
 []


Overfull \hbox (1.23639pt too wide) in alignment at lines 3304--3316
[] []
 []


Overfull \hbox (1.23639pt too wide) in alignment at lines 3320--3327
[] []
 []


Overfull \hbox (1.23639pt too wide) in alignment at lines 3327--3339
[] []
 []

ignored error: Infinite glue shrinkage found in box being split [70]
Overfull \hbox (1.23639pt too wide) in alignment at lines 3343--3350
[] []
 []


Overfull \hbox (1.23639pt too wide) in alignment at lines 3350--3362
[] []
 []


Overfull \hbox (1.23639pt too wide) in alignment at lines 3366--3373
[] []
 []


Overfull \hbox (1.23639pt too wide) in alignment at lines 3373--3385
[] []
 []

ignored error: Infinite glue shrinkage found in box being split [71]
Overfull \hbox (1.23639pt too wide) in alignment at lines 3389--3396
[] []
 []


Overfull \hbox (1.23639pt too wide) in alignment at lines 3396--3408
[] []
 []


Overfull \hbox (1.23639pt too wide) in alignment at lines 3413--3417
[] []
 []


Overfull \hbox (1.23639pt too wide) in alignment at lines 3417--3428
[] []
 []

ignored error: Infinite glue shrinkage found in box being split [72]
Overfull \hbox (1.23639pt too wide) in alignment at lines 3432--3436
[] []
 []


Overfull \hbox (1.23639pt too wide) in alignment at lines 3436--3447
[] []
 []


Overfull \hbox (1.23639pt too wide) in alignment at lines 3451--3455
[] []
 []


Overfull \hbox (1.23639pt too wide) in alignment at lines 3455--3466
[] []
 []


Overfull \hbox (1.23639pt too wide) in alignment at lines 3470--3474
[] []
 []


Overfull \hbox (1.23639pt too wide) in alignment at lines 3474--3485
[] []
 []

[73]
Overfull \hbox (1.23639pt too wide) in alignment at lines 3489--3493
[] []
 []


Overfull \hbox (1.23639pt too wide) in alignment at lines 3493--3504
[] []
 []


Overfull \hbox (1.23639pt too wide) in alignment at lines 3508--3512
[] []
 []


Overfull \hbox (1.23639pt too wide) in alignment at lines 3512--3523
[] []
 []

ignored error: Infinite glue shrinkage found in box being split [74]
Overfull \hbox (1.23639pt too wide) in alignment at lines 3527--3531
[] []
 []


Overfull \hbox (1.23639pt too wide) in alignment at lines 3531--3542
[] []
 []


Overfull \hbox (1.23639pt too wide) in alignment at lines 3546--3550
[] []
 []


Overfull \hbox (1.23639pt too wide) in alignment at lines 3550--3561
[] []
 []

ignored error: Infinite glue shrinkage found in box being split [75]
Overfull \hbox (1.23639pt too wide) in alignment at lines 3565--3569
[] []
 []


Overfull \hbox (1.23639pt too wide) in alignment at lines 3569--3580
[] []
 []


Overfull \hbox (1.23639pt too wide) in alignment at lines 3584--3588
[] []
 []


Overfull \hbox (1.23639pt too wide) in alignment at lines 3588--3599
[] []
 []


Overfull \hbox (1.23639pt too wide) in alignment at lines 3603--3607
[] []
 []


Overfull \hbox (1.23639pt too wide) in alignment at lines 3607--3618
[] []
 []

[76]
Overfull \hbox (1.23639pt too wide) in alignment at lines 3622--3626
[] []
 []


Overfull \hbox (1.23639pt too wide) in alignment at lines 3626--3637
[] []
 []


Overfull \hbox (1.23639pt too wide) in alignment at lines 3641--3645
[] []
 []


Overfull \hbox (1.23639pt too wide) in alignment at lines 3645--3656
[] []
 []

ignored error: Infinite glue shrinkage found in box being split [77]
Overfull \hbox (1.23639pt too wide) in alignment at lines 3660--3664
[] []
 []


Overfull \hbox (1.23639pt too wide) in alignment at lines 3664--3675
[] []
 []

<Imagenes_DCF_IR_LATEX/Diagrama_CLS.png, id=1390, 1156.32pt x 740.7675pt>
File: Imagenes_DCF_IR_LATEX/Diagrama_CLS.png Graphic file (type png)
<use Imagenes_DCF_IR_LATEX/Diagrama_CLS.png>
Package pdftex.def Info: Imagenes_DCF_IR_LATEX/Diagrama_CLS.png  used on input 
line 3682.
(pdftex.def)             Requested size: 386.96027pt x 247.8902pt.
[78]
Overfull \hbox (8.18918pt too wide) in paragraph at lines 3701--3701
[]|\OT1/cmr/bx/n/10 MoSCoW| 
 []


Overfull \hbox (1.5002pt too wide) in paragraph at lines 3701--3701
[]|\OT1/cmr/bx/n/10 Costo| 
 []


Overfull \hbox (8.07378pt too wide) in paragraph at lines 3701--3701
[]|\OT1/cmr/bx/n/10 Tama~no| 
 []


Overfull \hbox (0.40253pt too wide) in alignment at lines 3698--3703
[] [] [] [] [] [] [] []
 []


Overfull \hbox (5.33966pt too wide) in paragraph at lines 3707--3707
[]|\OT1/cmr/m/n/10 Rendimiento| 
 []


Overfull \hbox (5.33966pt too wide) in paragraph at lines 3709--3709
[]|\OT1/cmr/m/n/10 Rendimiento| 
 []


Underfull \hbox (badness 2772) in paragraph at lines 3709--3710
[]|\OT1/cmr/m/n/10 Digitaliza re-c-eta, com-ple-
 []


Overfull \hbox (5.33966pt too wide) in paragraph at lines 3710--3710
[]|\OT1/cmr/m/n/10 Rendimiento| 
 []


Underfull \hbox (badness 3623) in paragraph at lines 3710--3711
[]|\OT1/cmr/m/n/10 Extensi^^Son de RF-01, es-
 []


Underfull \hbox (badness 10000) in paragraph at lines 3711--3712
[]|\OT1/cmr/m/n/10 Libera turnos au-
 []


Overfull \hbox (5.33966pt too wide) in paragraph at lines 3712--3712
[]|\OT1/cmr/m/n/10 Rendimiento| 
 []


Overfull \hbox (5.33966pt too wide) in paragraph at lines 3713--3713
[]|\OT1/cmr/m/n/10 Rendimiento| 
 []


Underfull \hbox (badness 1622) in paragraph at lines 3715--3716
[]|\OT1/cmr/m/n/10 Seguridad y cumplim-iento
 []


Underfull \hbox (badness 10000) in paragraph at lines 3716--3717
[]|\OT1/cmr/m/n/10 Notificaci^^Son al pa-ciente,
 []


Underfull \hbox (badness 10000) in paragraph at lines 3716--3717
\OT1/cmr/m/n/10 100% pref-er-en-cia What-
 []


Overfull \hbox (5.33966pt too wide) in paragraph at lines 3718--3718
[]|\OT1/cmr/m/n/10 Rendimiento| 
 []


Overfull \hbox (5.33966pt too wide) in paragraph at lines 3720--3720
[]|\OT1/cmr/m/n/10 Rendimiento| 
 []


Overfull \hbox (5.33966pt too wide) in paragraph at lines 3724--3724
[]|\OT1/cmr/m/n/10 Rendimiento| 
 []


Overfull \hbox (5.33966pt too wide) in paragraph at lines 3725--3725
[]|\OT1/cmr/m/n/10 Rendimiento| 
 []


Overfull \hbox (5.33966pt too wide) in paragraph at lines 3728--3728
[]|\OT1/cmr/m/n/10 Rendimiento| 
 []


Underfull \hbox (badness 10000) in paragraph at lines 3729--3730
[]|\OT1/cmr/m/n/10 Infraestructura base de
 []


Overfull \hbox (5.33966pt too wide) in paragraph at lines 3730--3730
[]|\OT1/cmr/m/n/10 Rendimiento| 
 []


Underfull \hbox (badness 1571) in paragraph at lines 3732--3733
[]|\OT1/cmr/m/n/10 Mejora m^^Sas val-o-rada, es-
 []


Overfull \hbox (5.33966pt too wide) in paragraph at lines 3734--3734
[]|\OT1/cmr/m/n/10 Rendimiento| 
 []


Underfull \hbox (badness 4595) in paragraph at lines 3734--3735
[]|\OT1/cmr/m/n/10 Caso de borde, es-fuerzo
 []


Underfull \hbox (badness 5667) in paragraph at lines 3737--3738
[]|\OT1/cmr/m/n/10 Trazabilidad de en-tre-gas,
 []


Overfull \hbox (5.33966pt too wide) in paragraph at lines 3740--3740
[]|\OT1/cmr/m/n/10 Rendimiento| 
 []


Underfull \hbox (badness 1314) in paragraph at lines 3740--3741
[]|\OT1/cmr/m/n/10 Elimina traslado f^^S^^Psico de
 []


Overfull \hbox (5.33966pt too wide) in paragraph at lines 3741--3741
[]|\OT1/cmr/m/n/10 Rendimiento| 
 []


Underfull \hbox (badness 3291) in paragraph at lines 3741--3742
[]|\OT1/cmr/m/n/10 Habilita agen-damiento en
 []


Overfull \hbox (5.33966pt too wide) in paragraph at lines 3742--3742
[]|\OT1/cmr/m/n/10 Rendimiento| 
 []


Underfull \hbox (badness 10000) in paragraph at lines 3742--3743
[]|\OT1/cmr/m/n/10 Conveniencia, no blo-
 []


Overfull \hbox (5.33966pt too wide) in paragraph at lines 3744--3744
[]|\OT1/cmr/m/n/10 Rendimiento| 
 []


Overfull \hbox (5.33966pt too wide) in paragraph at lines 3745--3745
[]|\OT1/cmr/m/n/10 Rendimiento| 
 []


Underfull \hbox (badness 10000) in paragraph at lines 3745--3746
[]|\OT1/cmr/m/n/10 Seguimiento es-pe-cial-izado
 []


Overfull \hbox (0.40253pt too wide) in alignment at lines 3703--3749
[] [] [] [] [] [] [] []
 []

ignored error: Infinite glue shrinkage found in box being split [79 <./Imagenes
_DCF_IR_LATEX/Diagrama_CLS.png>] [80]
Overfull \hbox (7.25165pt too wide) in paragraph at lines 3768--3768
[]|\OT1/cmr/bx/n/8 Fila| 
 []


Overfull \hbox (6.52989pt too wide) in paragraph at lines 3768--3768
[]|\OT1/cmr/bx/n/8 Ley/Art.| 
 []


Underfull \hbox (badness 10000) in paragraph at lines 3768--3768
[]|\OT1/cmr/bx/n/8 ID-
 []


Overfull \hbox (7.6132pt too wide) in paragraph at lines 3768--3768
\OT1/cmr/bx/n/8 RF/RNF| 
 []


Underfull \hbox (badness 10000) in paragraph at lines 3768--3768
[]|\OT1/cmr/bx/n/8 ID-
 []


Overfull \hbox (47.80167pt too wide) in alignment at lines 3765--3771
 [] [] [] [] [] [] [] [] [] [] []
 []


Underfull \hbox (badness 10000) in paragraph at lines 3774--3774
[]|\OT1/cmr/m/n/8 Art.
 []


Overfull \hbox (2.13008pt too wide) in paragraph at lines 3774--3774
\OT1/cmr/m/n/8 13/25/31
 []


Underfull \hbox (badness 10000) in paragraph at lines 3774--3774
[]|\OT1/cmr/m/n/8 Digitalizar
 []


Underfull \hbox (badness 10000) in paragraph at lines 3774--3774
\OT1/cmr/m/n/8 his-to-ria
 []


Underfull \hbox (badness 10000) in paragraph at lines 3774--3774
[]|\OT1/cmr/m/n/8 COMP-
 []


Underfull \hbox (badness 10000) in paragraph at lines 3775--3775
[]|\OT1/cmr/m/n/8 No
 []


Underfull \hbox (badness 10000) in paragraph at lines 3775--3775
[]|\OT1/cmr/m/n/8 Agendar
 []


Underfull \hbox (badness 10000) in paragraph at lines 3775--3775
[]|\OT1/cmr/m/n/8 EV-01/EV-
 []


Underfull \hbox (badness 10000) in paragraph at lines 3776--3776
[]|\OT1/cmr/m/n/8 No
 []


Underfull \hbox (badness 5696) in paragraph at lines 3776--3776
[]|\OT1/cmr/m/n/8 Buscar pa-
 []


Underfull \hbox (badness 10000) in paragraph at lines 3776--3776
[]|\OT1/cmr/m/n/8 COMP-
 []


Underfull \hbox (badness 10000) in paragraph at lines 3777--3777
[]|\OT1/cmr/m/n/8 No
 []


Underfull \hbox (badness 3849) in paragraph at lines 3777--3777
[]|\OT1/cmr/m/n/8 Emitir re-c-
 []


Underfull \hbox (badness 10000) in paragraph at lines 3777--3777
[]|\OT1/cmr/m/n/8 COMP-
 []


Underfull \hbox (badness 10000) in paragraph at lines 3778--3778
[]|\OT1/cmr/m/n/8 Actualizar
 []


Underfull \hbox (badness 10000) in paragraph at lines 3778--3778
[]|\OT1/cmr/m/n/8 COMP-
 []


Underfull \hbox (badness 10000) in paragraph at lines 3779--3779
[]|\OT1/cmr/m/n/8 No
 []


Underfull \hbox (badness 10000) in paragraph at lines 3779--3779
[]|\OT1/cmr/m/n/8 Cancelar
 []


Underfull \hbox (badness 10000) in paragraph at lines 3780--3780
[]|\OT1/cmr/m/n/8 Compartir
 []


Underfull \hbox (badness 10000) in paragraph at lines 3780--3780
\OT1/cmr/m/n/8 in-for-maci^^Son
 []


Underfull \hbox (badness 10000) in paragraph at lines 3780--3780
[]|\OT1/cmr/m/n/8 Personal
 []


Underfull \hbox (badness 10000) in paragraph at lines 3780--3780
[]|\OT1/cmr/m/n/8 COMP-
 []


Underfull \hbox (badness 10000) in paragraph at lines 3781--3781
[]|\OT1/cmr/m/n/8 No
 []


Underfull \hbox (badness 10000) in paragraph at lines 3781--3781
[]|\OT1/cmr/m/n/8 Generar
 []


Underfull \hbox (badness 2503) in paragraph at lines 3781--3781
\OT1/cmr/m/n/8 re-portes de
 []


Overfull \hbox (5.25133pt too wide) in paragraph at lines 3781--3781
[]|\OT1/cmr/m/n/8 Coordinadora| 
 []


Underfull \hbox (badness 10000) in paragraph at lines 3781--3781
[]|\OT1/cmr/m/n/8 COMP-
 []


Underfull \hbox (badness 10000) in paragraph at lines 3782--3782
[]|\OT1/cmr/m/n/8 Autenticar
 []


Underfull \hbox (badness 7116) in paragraph at lines 3782--3782
[]|\OT1/cmr/m/n/8 CU-12 Ini-
 []


Underfull \hbox (badness 10000) in paragraph at lines 3783--3783
[]|\OT1/cmr/m/n/8 Gestionar
 []


Overfull \hbox (3.8277pt too wide) in paragraph at lines 3783--3783
[]|\OT1/cmr/m/n/8 Coordinaci^^Son| 
 []


Underfull \hbox (badness 10000) in paragraph at lines 3783--3783
[]|\OT1/cmr/m/n/8 EV-04 /
 []


Underfull \hbox (badness 10000) in paragraph at lines 3784--3784
[]|\OT1/cmr/m/n/8 No
 []


Underfull \hbox (badness 10000) in paragraph at lines 3784--3784
[]|\OT1/cmr/m/n/8 Notificar
 []


Underfull \hbox (badness 10000) in paragraph at lines 3784--3784
\OT1/cmr/m/n/8 au-
 []


Overfull \hbox (9.4875pt too wide) in paragraph at lines 3784--3784
\OT1/cmr/m/n/8 tom^^Saticamente| 
 []


Underfull \hbox (badness 5345) in paragraph at lines 3784--3784
[]|\OT1/cmr/m/n/8 Sistema de
 []


Underfull \hbox (badness 10000) in paragraph at lines 3784--3784
\OT1/cmr/m/n/8 No-ti-fi-ca-
 []


Underfull \hbox (badness 10000) in paragraph at lines 3784--3784
[]|\OT1/cmr/m/n/8 EV-02:
 []


Underfull \hbox (badness 10000) in paragraph at lines 3784--3784
\OT1/cmr/m/n/8 100%
 []


Underfull \hbox (badness 10000) in paragraph at lines 3784--3784
\OT1/cmr/m/n/8 pre-fiere
 []


Underfull \hbox (badness 1033) in paragraph at lines 3785--3785
[]|\OT1/cmr/m/n/8 Servicio de au-di-
 []


Underfull \hbox (badness 10000) in paragraph at lines 3786--3786
[]|\OT1/cmr/m/n/8 No
 []


Underfull \hbox (badness 10000) in paragraph at lines 3786--3786
[]|\OT1/cmr/m/n/8 Consultar
 []


Underfull \hbox (badness 10000) in paragraph at lines 3786--3786
\OT1/cmr/m/n/8 disponi-
 []


Underfull \hbox (badness 10000) in paragraph at lines 3786--3786
\OT1/cmr/m/n/8 bil-i-dad
 []


Underfull \hbox (badness 10000) in paragraph at lines 3786--3786
[]|\OT1/cmr/m/n/8 EV-01 /
 []


Underfull \hbox (badness 10000) in paragraph at lines 3786--3786
[]|\OT1/cmr/m/n/8 COMP-
 []


Underfull \hbox (badness 10000) in paragraph at lines 3787--3787
[]|\OT1/cmr/m/n/8 No
 []


Underfull \hbox (badness 10000) in paragraph at lines 3787--3787
[]|\OT1/cmr/m/n/8 Reducir
 []


Underfull \hbox (badness 10000) in paragraph at lines 3787--3787
\OT1/cmr/m/n/8 doc-u-
 []


Underfull \hbox (badness 10000) in paragraph at lines 3787--3787
\OT1/cmr/m/n/8 mentaci^^Son
 []


Underfull \hbox (badness 10000) in paragraph at lines 3787--3787
[]|\OT1/cmr/m/n/8 Personal
 []


Underfull \hbox (badness 10000) in paragraph at lines 3787--3787
[]|\OT1/cmr/m/n/8 COMP-
 []


Underfull \hbox (badness 10000) in paragraph at lines 3788--3788
[]|\OT1/cmr/m/n/8 No
 []


Underfull \hbox (badness 10000) in paragraph at lines 3788--3788
[]|\OT1/cmr/m/n/8 Gestionar
 []


Underfull \hbox (badness 10000) in paragraph at lines 3788--3789
[]|\OT1/cmr/m/n/8 Enfermer^^S^^Pa
 []


Underfull \hbox (badness 10000) in paragraph at lines 3788--3789
\OT1/cmr/m/n/8 /Co-or-di-
 []


Underfull \hbox (badness 10000) in paragraph at lines 3789--3789
[]|\OT1/cmr/m/n/8 CU Ges-
 []


Underfull \hbox (badness 10000) in paragraph at lines 3789--3789
\OT1/cmr/m/n/8 tionar
 []


Underfull \hbox (badness 10000) in paragraph at lines 3789--3789
\OT1/cmr/m/n/8 In-ven-tario
 []


Underfull \hbox (badness 10000) in paragraph at lines 3789--3789
[]|\OT1/cmr/m/n/8 COMP-
 []


Underfull \hbox (badness 10000) in paragraph at lines 3790--3790
[]|\OT1/cmr/m/n/8 No
 []


Underfull \hbox (badness 10000) in paragraph at lines 3790--3790
[]|\OT1/cmr/m/n/8 Asistente
 []


Underfull \hbox (badness 4779) in paragraph at lines 3790--3790
\OT1/cmr/m/n/8 vir-tual con
 []


Underfull \hbox (badness 10000) in paragraph at lines 3790--3790
[]|\OT1/cmr/m/n/8 EV-01:
 []


Underfull \hbox (badness 10000) in paragraph at lines 3790--3790
\OT1/cmr/m/n/8 ``el sis-
 []


Underfull \hbox (badness 10000) in paragraph at lines 3790--3790
\OT1/cmr/m/n/8 tema debe
 []


Underfull \hbox (badness 10000) in paragraph at lines 3790--3790
\OT1/cmr/m/n/8 per-mi-tir
 []


Underfull \hbox (badness 10000) in paragraph at lines 3790--3790
\OT1/cmr/m/n/8 fun-cional-
 []


Underfull \hbox (badness 10000) in paragraph at lines 3790--3790
\OT1/cmr/m/n/8 i-dades de
 []


Underfull \hbox (badness 10000) in paragraph at lines 3790--3790
[]|\OT1/cmr/m/n/8 Flujo
 []


Underfull \hbox (badness 10000) in paragraph at lines 3790--3790
\OT1/cmr/m/n/8 doc-u-
 []


Underfull \hbox (badness 10000) in paragraph at lines 3790--3790
\OT1/cmr/m/n/8 men-
 []


Underfull \hbox (badness 2261) in paragraph at lines 3790--3790
\OT1/cmr/m/n/8 tado en
 []


Overfull \hbox (4.46346pt too wide) in paragraph at lines 3790--3791
[]|\OT1/cmr/m/n/8 Espesifico
 []


Underfull \hbox (badness 1565) in paragraph at lines 3790--3791
\OT1/cmr/m/n/8 del RF-
 []


Underfull \hbox (badness 10000) in paragraph at lines 3791--3791
[]|\OT1/cmr/m/n/8 Criterio
 []


Underfull \hbox (badness 7238) in paragraph at lines 3791--3791
\OT1/cmr/m/n/8 de RF-
 []


Overfull \hbox (1.8773pt too wide) in paragraph at lines 3791--3791
\OT1/cmr/m/n/8 16/RNF-
 []


Underfull \hbox (badness 10000) in paragraph at lines 3792--3792
[]|\OT1/cmr/m/n/8 No
 []


Underfull \hbox (badness 10000) in paragraph at lines 3792--3792
[]|\OT1/cmr/m/n/8 Gestionar
 []


Underfull \hbox (badness 10000) in paragraph at lines 3792--3792
\OT1/cmr/m/n/8 per-fil del
 []


Underfull \hbox (badness 10000) in paragraph at lines 3792--3792
\OT1/cmr/m/n/8 per-sonal
 []


Overfull \hbox (5.25133pt too wide) in paragraph at lines 3792--3792
[]|\OT1/cmr/m/n/8 Coordinadora| 
 []


Underfull \hbox (badness 10000) in paragraph at lines 3792--3792
[]|\OT1/cmr/m/n/8 COMP-
 []


Underfull \hbox (badness 10000) in paragraph at lines 3793--3793
[]|\OT1/cmr/m/n/8 No
 []


Underfull \hbox (badness 10000) in paragraph at lines 3793--3793
[]|\OT1/cmr/m/n/8 Asignar
 []


Underfull \hbox (badness 10000) in paragraph at lines 3793--3793
\OT1/cmr/m/n/8 turnos del
 []


Underfull \hbox (badness 10000) in paragraph at lines 3793--3793
\OT1/cmr/m/n/8 per-sonal
 []


Overfull \hbox (3.8277pt too wide) in paragraph at lines 3793--3793
[]|\OT1/cmr/m/n/8 Coordinaci^^Son| 
 []


Underfull \hbox (badness 10000) in paragraph at lines 3793--3793
[]|\OT1/cmr/m/n/8 COMP-
 []


Underfull \hbox (badness 10000) in paragraph at lines 3794--3794
[]|\OT1/cmr/m/n/8 No
 []


Underfull \hbox (badness 10000) in paragraph at lines 3794--3794
[]|\OT1/cmr/m/n/8 Consultar
 []


Underfull \hbox (badness 10000) in paragraph at lines 3794--3794
\OT1/cmr/m/n/8 disponi-bil-
 []


Underfull \hbox (badness 10000) in paragraph at lines 3794--3794
\OT1/cmr/m/n/8 i-dad del
 []


Overfull \hbox (5.39856pt too wide) in paragraph at lines 3794--3795
[]|\OT1/cmr/m/n/8 Recepcionista
 []


Underfull \hbox (badness 10000) in paragraph at lines 3795--3795
[]|\OT1/cmr/m/n/8 COMP-
 []


Underfull \hbox (badness 10000) in paragraph at lines 3796--3796
[]|\OT1/cmr/m/n/8 No
 []


Underfull \hbox (badness 10000) in paragraph at lines 3796--3796
[]|\OT1/cmr/m/n/8 Reasignar
 []


Underfull \hbox (badness 1158) in paragraph at lines 3796--3796
\OT1/cmr/m/n/8 turnos ante
 []


Overfull \hbox (1.00127pt too wide) in paragraph at lines 3796--3796
[]|\OT1/cmr/m/n/8 Coordinador| 
 []


Underfull \hbox (badness 10000) in paragraph at lines 3796--3796
[]|\OT1/cmr/m/n/8 COMP-
 []


Underfull \hbox (badness 10000) in paragraph at lines 3797--3797
[]|\OT1/cmr/m/n/8 No
 []


Underfull \hbox (badness 10000) in paragraph at lines 3797--3797
\OT1/cmr/m/n/8 pro-bantes
 []


Underfull \hbox (badness 10000) in paragraph at lines 3797--3797
[]|\OT1/cmr/m/n/8 Requisito
 []


Underfull \hbox (badness 10000) in paragraph at lines 3797--3797
\OT1/cmr/m/n/8 nor-ma-tivo
 []


Underfull \hbox (badness 10000) in paragraph at lines 3797--3797
[]|\OT1/cmr/m/n/8 M^^Sodulo de Re-
 []


Underfull \hbox (badness 10000) in paragraph at lines 3797--3797
\OT1/cmr/m/n/8 cepci^^Son (CU-
 []


Underfull \hbox (badness 10000) in paragraph at lines 3798--3798
[]|\OT1/cmr/m/n/8 No
 []


Underfull \hbox (badness 10000) in paragraph at lines 3798--3798
[]|\OT1/cmr/m/n/8 Registrar
 []


Underfull \hbox (badness 10000) in paragraph at lines 3798--3798
[]|\OT1/cmr/m/n/8 Personal
 []


Underfull \hbox (badness 10000) in paragraph at lines 3798--3798
\OT1/cmr/m/n/8 de fac-
 []


Overfull \hbox (20.70572pt too wide) in paragraph at lines 3798--3798
\OT1/cmr/m/n/8 turaci^^Son/Paciente| 
 []


Underfull \hbox (badness 10000) in paragraph at lines 3798--3798
[]|\OT1/cmr/m/n/8 M^^Sodulo de Re-
 []


Underfull \hbox (badness 10000) in paragraph at lines 3798--3798
\OT1/cmr/m/n/8 cepci^^Son (CU-
 []


Underfull \hbox (badness 10000) in paragraph at lines 3799--3799
[]|\OT1/cmr/m/n/8 No
 []


Underfull \hbox (badness 10000) in paragraph at lines 3799--3799
[]|\OT1/cmr/m/n/8 Generar
 []


Underfull \hbox (badness 10000) in paragraph at lines 3799--3799
\OT1/cmr/m/n/8 re-portes
 []


Underfull \hbox (badness 10000) in paragraph at lines 3799--3799
[]|\OT1/cmr/m/n/8 M^^Sodulo de Re-
 []


Underfull \hbox (badness 10000) in paragraph at lines 3799--3799
\OT1/cmr/m/n/8 cepci^^Son (CU-
 []


Underfull \hbox (badness 10000) in paragraph at lines 3800--3800
[]|\OT1/cmr/m/n/8 No
 []


Underfull \hbox (badness 10000) in paragraph at lines 3800--3800
[]|\OT1/cmr/m/n/8 Configurar
 []


Overfull \hbox (5.25133pt too wide) in paragraph at lines 3800--3800
[]|\OT1/cmr/m/n/8 Coordinadora| 
 []


Underfull \hbox (badness 10000) in paragraph at lines 3800--3800
[]|\OT1/cmr/m/n/8 M^^Sodulo de Re-
 []


Underfull \hbox (badness 10000) in paragraph at lines 3800--3800
\OT1/cmr/m/n/8 cepci^^Son (CU-
 []


Underfull \hbox (badness 10000) in paragraph at lines 3801--3801
[]|\OT1/cmr/m/n/8 No
 []


Overfull \hbox (5.25133pt too wide) in paragraph at lines 3801--3801
[]|\OT1/cmr/m/n/8 Coordinadora| 
 []


Underfull \hbox (badness 10000) in paragraph at lines 3801--3801
[]|\OT1/cmr/m/n/8 M^^Sodulo de Re-
 []


Underfull \hbox (badness 10000) in paragraph at lines 3801--3801
\OT1/cmr/m/n/8 cepci^^Son (CU-
 []


Underfull \hbox (badness 10000) in paragraph at lines 3802--3802
[]|\OT1/cmr/m/n/8 Art.
 []


Underfull \hbox (badness 10000) in paragraph at lines 3802--3802
\OT1/cmr/m/n/8 25/31
 []


Underfull \hbox (badness 10000) in paragraph at lines 3802--3802
[]|\OT1/cmr/m/n/8 Registrar
 []


Underfull \hbox (badness 10000) in paragraph at lines 3802--3802
\OT1/cmr/m/n/8 sig-nos
 []


Underfull \hbox (badness 10000) in paragraph at lines 3802--3802
[]|\OT1/cmr/m/n/8 COMP-
 []


Underfull \hbox (badness 5696) in paragraph at lines 3803--3803
[]|\OT1/cmr/m/n/8 Buscar pa-
 []


Underfull \hbox (badness 10000) in paragraph at lines 3803--3803
\OT1/cmr/m/n/8 ciente por
 []


Underfull \hbox (badness 10000) in paragraph at lines 3803--3805
[]|\OT1/cmr/m/n/8 Enfermero
 []


Underfull \hbox (badness 10000) in paragraph at lines 3803--3805
\OT1/cmr/m/n/8 / Re-cep-
 []


Underfull \hbox (badness 10000) in paragraph at lines 3805--3805
[]|\OT1/cmr/m/n/8 COMP-
 []


Underfull \hbox (badness 10000) in paragraph at lines 3806--3806
[]|\OT1/cmr/m/n/8 Art.
 []


Underfull \hbox (badness 10000) in paragraph at lines 3806--3806
\OT1/cmr/m/n/8 8/13/14
 []


Underfull \hbox (badness 10000) in paragraph at lines 3806--3806
[]|\OT1/cmr/m/n/8 Registrar
 []


Underfull \hbox (badness 10000) in paragraph at lines 3806--3806
\OT1/cmr/m/n/8 datos per-
 []


Overfull \hbox (5.39856pt too wide) in paragraph at lines 3806--3806
[]|\OT1/cmr/m/n/8 Recepcionista| 
 []


Underfull \hbox (badness 10000) in paragraph at lines 3806--3806
[]|\OT1/cmr/m/n/8 M^^Sodulo de Re-
 []


Underfull \hbox (badness 10000) in paragraph at lines 3806--3806
\OT1/cmr/m/n/8 cepci^^Son (CU-
 []


Underfull \hbox (badness 10000) in paragraph at lines 3807--3807
[]|\OT1/cmr/m/n/8 Art.
 []


Underfull \hbox (badness 10000) in paragraph at lines 3807--3807
\OT1/cmr/m/n/8 21/25
 []


Underfull \hbox (badness 10000) in paragraph at lines 3807--3807
[]|\OT1/cmr/m/n/8 Registrar
 []


Underfull \hbox (badness 10000) in paragraph at lines 3807--3807
\OT1/cmr/m/n/8 menores
 []


Underfull \hbox (badness 10000) in paragraph at lines 3807--3807
\OT1/cmr/m/n/8 sin c^^Sedula
 []


Overfull \hbox (5.39856pt too wide) in paragraph at lines 3807--3807
[]|\OT1/cmr/m/n/8 Recepcionista| 
 []


Underfull \hbox (badness 10000) in paragraph at lines 3807--3807
[]|\OT1/cmr/m/n/8 M^^Sodulo de Re-
 []


Underfull \hbox (badness 10000) in paragraph at lines 3807--3807
\OT1/cmr/m/n/8 cepci^^Son (CU-
 []


Underfull \hbox (badness 10000) in paragraph at lines 3808--3808
[]|\OT1/cmr/m/n/8 Art.
 []


Underfull \hbox (badness 10000) in paragraph at lines 3808--3808
\OT1/cmr/m/n/8 26/31
 []


Underfull \hbox (badness 10000) in paragraph at lines 3808--3808
[]|\OT1/cmr/m/n/8 Restringir
 []


Underfull \hbox (badness 10000) in paragraph at lines 3808--3808
\OT1/cmr/m/n/8 ac-ceso
 []


Underfull \hbox (badness 10000) in paragraph at lines 3808--3808
\OT1/cmr/m/n/8 cl^^S^^Pnico por
 []


Underfull \hbox (badness 10000) in paragraph at lines 3809--3809
[]|\OT1/cmr/m/n/8 No
 []


Underfull \hbox (badness 10000) in paragraph at lines 3809--3809
[]|\OT1/cmr/m/n/8 Alertar
 []


Underfull \hbox (badness 10000) in paragraph at lines 3809--3809
\OT1/cmr/m/n/8 medica-men-
 []


Overfull \hbox (5.53467pt too wide) in paragraph at lines 3809--3809
\OT1/cmr/m/n/8 tarse/caducar| 
 []


Underfull \hbox (badness 10000) in paragraph at lines 3809--3809
[]|\OT1/cmr/m/n/8 COMP-
 []


Underfull \hbox (badness 10000) in paragraph at lines 3810--3810
[]|\OT1/cmr/m/n/8 No
 []


Underfull \hbox (badness 10000) in paragraph at lines 3810--3810
[]|\OT1/cmr/m/n/8 Registrar
 []


Underfull \hbox (badness 10000) in paragraph at lines 3810--3810
\OT1/cmr/m/n/8 en-trega
 []


Underfull \hbox (badness 3068) in paragraph at lines 3810--3810
\OT1/cmr/m/n/8 traz-able de
 []


Underfull \hbox (badness 10000) in paragraph at lines 3810--3810
\OT1/cmr/m/n/8 medica-men-
 []


Overfull \hbox (3.94853pt too wide) in paragraph at lines 3810--3810
[]|\OT1/cmr/m/n/8 Enfermero(a)| 
 []


Underfull \hbox (badness 10000) in paragraph at lines 3810--3810
[]|\OT1/cmr/m/n/8 COMP-
 []


Underfull \hbox (badness 10000) in paragraph at lines 3811--3811
[]|\OT1/cmr/m/n/8 No
 []


Underfull \hbox (badness 10000) in paragraph at lines 3811--3811
[]|\OT1/cmr/m/n/8 Registrar
 []


Underfull \hbox (badness 10000) in paragraph at lines 3811--3811
\OT1/cmr/m/n/8 co-bro por
 []


Overfull \hbox (5.39856pt too wide) in paragraph at lines 3811--3811
[]|\OT1/cmr/m/n/8 Recepcionista| 
 []


Underfull \hbox (badness 10000) in paragraph at lines 3811--3811
[]|\OT1/cmr/m/n/8 M^^Sodulo de Re-
 []


Underfull \hbox (badness 10000) in paragraph at lines 3811--3811
\OT1/cmr/m/n/8 cepci^^Son (CU-
 []


Underfull \hbox (badness 10000) in paragraph at lines 3812--3812
[]|\OT1/cmr/m/n/8 No
 []


Underfull \hbox (badness 10000) in paragraph at lines 3812--3812
[]|\OT1/cmr/m/n/8 Asignar
 []


Underfull \hbox (badness 10000) in paragraph at lines 3812--3812
\OT1/cmr/m/n/8 turno au-
 []


Overfull \hbox (9.4875pt too wide) in paragraph at lines 3812--3812
\OT1/cmr/m/n/8 tom^^Saticamente| 
 []


Underfull \hbox (badness 10000) in paragraph at lines 3812--3812
[]|\OT1/cmr/m/n/8 M^^Sodulo de Re-
 []


Underfull \hbox (badness 10000) in paragraph at lines 3812--3812
\OT1/cmr/m/n/8 cepci^^Son (CU-
 []


Underfull \hbox (badness 10000) in paragraph at lines 3813--3813
[]|\OT1/cmr/m/n/8 No
 []


Underfull \hbox (badness 1342) in paragraph at lines 3813--3813
[]|\OT1/cmr/m/n/8 Derivar pa-
 []


Underfull \hbox (badness 10000) in paragraph at lines 3813--3813
[]|\OT1/cmr/m/n/8 COMP-
 []


Underfull \hbox (badness 10000) in paragraph at lines 3814--3814
[]|\OT1/cmr/m/n/8 No
 []


Underfull \hbox (badness 10000) in paragraph at lines 3814--3814
[]|\OT1/cmr/m/n/8 Agendar
 []


Underfull \hbox (badness 10000) in paragraph at lines 3814--3814
\OT1/cmr/m/n/8 citas por
 []


Overfull \hbox (9.64862pt too wide) in paragraph at lines 3814--3815
[]|\OT1/cmr/m/n/8 Recepcionista/
 []


Underfull \hbox (badness 10000) in paragraph at lines 3815--3815
[]|\OT1/cmr/m/n/8 COMP-
 []


Underfull \hbox (badness 10000) in paragraph at lines 3816--3816
[]|\OT1/cmr/m/n/8 No
 []


Overfull \hbox (7.4972pt too wide) in paragraph at lines 3816--3817
[]|\OT1/cmr/m/n/8 Reprogramar/
 []


Underfull \hbox (badness 10000) in paragraph at lines 3816--3817
\OT1/cmr/m/n/8 can-ce-lar
 []


Underfull \hbox (badness 10000) in paragraph at lines 3816--3817
\OT1/cmr/m/n/8 citas por
 []


Overfull \hbox (9.64862pt too wide) in paragraph at lines 3817--3818
[]|\OT1/cmr/m/n/8 Recepcionista/
 []


Underfull \hbox (badness 10000) in paragraph at lines 3818--3818
[]|\OT1/cmr/m/n/8 COMP-
 []


Underfull \hbox (badness 10000) in paragraph at lines 3819--3819
[]|\OT1/cmr/m/n/8 No
 []


Underfull \hbox (badness 10000) in paragraph at lines 3819--3819
[]|\OT1/cmr/m/n/8 Consultar
 []


Underfull \hbox (badness 10000) in paragraph at lines 3819--3819
\OT1/cmr/m/n/8 r^^Sapido
 []


Underfull \hbox (badness 10000) in paragraph at lines 3819--3819
\OT1/cmr/m/n/8 pa-ciente
 []


Overfull \hbox (5.39856pt too wide) in paragraph at lines 3819--3819
[]|\OT1/cmr/m/n/8 Recepcionista| 
 []


Underfull \hbox (badness 10000) in paragraph at lines 3819--3819
[]|\OT1/cmr/m/n/8 M^^Sodulo de Re-
 []


Underfull \hbox (badness 10000) in paragraph at lines 3819--3819
\OT1/cmr/m/n/8 cepci^^Son (CU-
 []


Underfull \hbox (badness 10000) in paragraph at lines 3820--3820
[]|\OT1/cmr/m/n/8 Art.
 []


Overfull \hbox (2.13008pt too wide) in paragraph at lines 3820--3820
\OT1/cmr/m/n/8 13/25/31
 []


Underfull \hbox (badness 10000) in paragraph at lines 3820--3820
[]|\OT1/cmr/m/n/8 Registrar
 []


Underfull \hbox (badness 10000) in paragraph at lines 3820--3820
\OT1/cmr/m/n/8 atenci^^Son
 []


Underfull \hbox (badness 10000) in paragraph at lines 3820--3820
\OT1/cmr/m/n/8 cl^^S^^Pnica
 []


Underfull \hbox (badness 10000) in paragraph at lines 3820--3820
[]|\OT1/cmr/m/n/8 Personal
 []


Underfull \hbox (badness 10000) in paragraph at lines 3820--3820
[]|\OT1/cmr/m/n/8 CU-
 []


Underfull \hbox (badness 10000) in paragraph at lines 3820--3820
\OT1/cmr/m/n/8 23/CU-
 []


Underfull \hbox (badness 10000) in paragraph at lines 3820--3820
\OT1/cmr/m/n/8 24/CU-
 []


Underfull \hbox (badness 10000) in paragraph at lines 3820--3820
\OT1/cmr/m/n/8 25/CU-
 []


Underfull \hbox (badness 10000) in paragraph at lines 3820--3820
[]|\OT1/cmr/m/n/8 COMP-
 []


Underfull \hbox (badness 10000) in paragraph at lines 3821--3821
[]|\OT1/cmr/m/n/8 Art.
 []


Underfull \hbox (badness 10000) in paragraph at lines 3821--3821
\OT1/cmr/m/n/8 10/26
 []


Underfull \hbox (badness 10000) in paragraph at lines 3821--3821
[]|\OT1/cmr/m/n/8 Cifrar
 []


Underfull \hbox (badness 10000) in paragraph at lines 3821--3821
\OT1/cmr/m/n/8 co-mu-ni-ca-
 []


Underfull \hbox (badness 10000) in paragraph at lines 3821--3821
\OT1/cmr/m/n/8 ciones y
 []


Underfull \hbox (badness 10000) in paragraph at lines 3821--3821
[]|\OT1/cmr/m/n/8 RNF-
 []


Overfull \hbox (1.8773pt too wide) in paragraph at lines 3821--3821
\OT1/cmr/m/n/8 02/RNF-
 []


Overfull \hbox (1.8773pt too wide) in paragraph at lines 3821--3821
\OT1/cmr/m/n/8 03/RNF-
 []


Underfull \hbox (badness 10000) in paragraph at lines 3821--3821
[]|\OT1/cmr/m/n/8 CU-
 []


Underfull \hbox (badness 10000) in paragraph at lines 3821--3821
\OT1/cmr/m/n/8 12/CU-
 []


Underfull \hbox (badness 10000) in paragraph at lines 3821--3821
[]|\OT1/cmr/m/n/8 US-
 []


Underfull \hbox (badness 10000) in paragraph at lines 3821--3821
\OT1/cmr/m/n/8 07/US-
 []


Underfull \hbox (badness 10000) in paragraph at lines 3822--3822
[]|\OT1/cmr/m/n/8 Art.
 []


Overfull \hbox (2.13008pt too wide) in paragraph at lines 3822--3822
\OT1/cmr/m/n/8 21/25/26
 []


Underfull \hbox (badness 10000) in paragraph at lines 3822--3822
[]|\OT1/cmr/m/n/8 Proteger
 []


Underfull \hbox (badness 10000) in paragraph at lines 3822--3822
\OT1/cmr/m/n/8 datos de
 []


Underfull \hbox (badness 10000) in paragraph at lines 3822--3822
[]|\OT1/cmr/m/n/8 RNF-
 []


Overfull \hbox (1.8773pt too wide) in paragraph at lines 3822--3822
\OT1/cmr/m/n/8 09/RNF-
 []


Underfull \hbox (badness 10000) in paragraph at lines 3822--3822
[]|\OT1/cmr/m/n/8 M^^Sodulo de Re-
 []


Underfull \hbox (badness 10000) in paragraph at lines 3822--3822
\OT1/cmr/m/n/8 cepci^^Son (CU-
 []


Underfull \hbox (badness 10000) in paragraph at lines 3823--3823
[]|\OT1/cmr/m/n/8 No
 []


Overfull \hbox (7.71248pt too wide) in paragraph at lines 3823--3823
[]|\OT1/cmr/m/n/8 Explicabilidad
 []


Underfull \hbox (badness 10000) in paragraph at lines 3823--3823
[]|\OT1/cmr/m/n/8 Flujo
 []


Underfull \hbox (badness 10000) in paragraph at lines 3823--3823
\OT1/cmr/m/n/8 doc-u-
 []


Underfull \hbox (badness 10000) in paragraph at lines 3823--3823
\OT1/cmr/m/n/8 men-
 []


Underfull \hbox (badness 2261) in paragraph at lines 3823--3823
\OT1/cmr/m/n/8 tado en
 []


Overfull \hbox (4.88846pt too wide) in paragraph at lines 3823--3824
[]|\OT1/cmr/m/n/8 Especifico
 []


Underfull \hbox (badness 7238) in paragraph at lines 3823--3824
\OT1/cmr/m/n/8 de RF-
 []


Underfull \hbox (badness 10000) in paragraph at lines 3824--3824
[]|\OT1/cmr/m/n/8 Criterio
 []


Underfull \hbox (badness 10000) in paragraph at lines 3824--3824
\OT1/cmr/m/n/8 cuan-tifi-
 []


Underfull \hbox (badness 1552) in paragraph at lines 3824--3824
\OT1/cmr/m/n/8 cado de
 []


Overfull \hbox (5.93745pt too wide) in paragraph at lines 3825--3825
[]|\OT1/cmr/m/n/8 Autenticaci^^Son
 []


Underfull \hbox (badness 10000) in paragraph at lines 3825--3825
[]|\OT1/cmr/m/n/8 CU-
 []


Underfull \hbox (badness 10000) in paragraph at lines 3825--3825
\OT1/cmr/m/n/8 12/CU-
 []


Underfull \hbox (badness 10000) in paragraph at lines 3825--3825
[]|\OT1/cmr/m/n/8 US-
 []


Underfull \hbox (badness 10000) in paragraph at lines 3825--3825
\OT1/cmr/m/n/8 07/US-
 []


Underfull \hbox (badness 10000) in paragraph at lines 3826--3826
[]|\OT1/cmr/m/n/8 Art.
 []


Underfull \hbox (badness 10000) in paragraph at lines 3826--3826
\OT1/cmr/m/n/8 8/13/14
 []


Underfull \hbox (badness 10000) in paragraph at lines 3826--3826
[]|\OT1/cmr/m/n/8 Registrar
 []


Underfull \hbox (badness 10000) in paragraph at lines 3826--3826
\OT1/cmr/m/n/8 pa-ciente
 []


Overfull \hbox (5.39856pt too wide) in paragraph at lines 3826--3826
[]|\OT1/cmr/m/n/8 Recepcionista| 
 []


Underfull \hbox (badness 10000) in paragraph at lines 3826--3826
[]|\OT1/cmr/m/n/8 RF-
 []


Underfull \hbox (badness 10000) in paragraph at lines 3826--3826
\OT1/cmr/m/n/8 28/RF-
 []


Underfull \hbox (badness 10000) in paragraph at lines 3826--3826
[]|\OT1/cmr/m/n/8 M^^Sodulo de Re-
 []


Underfull \hbox (badness 10000) in paragraph at lines 3826--3826
\OT1/cmr/m/n/8 cepci^^Son (CU-
 []


Underfull \hbox (badness 10000) in paragraph at lines 3827--3827
[]|\OT1/cmr/m/n/8 No
 []


Underfull \hbox (badness 10000) in paragraph at lines 3827--3827
[]|\OT1/cmr/m/n/8 Reagendar
 []


Overfull \hbox (5.39856pt too wide) in paragraph at lines 3827--3827
[]|\OT1/cmr/m/n/8 Recepcionista| 
 []


Underfull \hbox (badness 10000) in paragraph at lines 3827--3827
[]|\OT1/cmr/m/n/8 COMP-
 []


Underfull \hbox (badness 10000) in paragraph at lines 3828--3828
[]|\OT1/cmr/m/n/8 Actualizar
 []


Underfull \hbox (badness 10000) in paragraph at lines 3828--3828
\OT1/cmr/m/n/8 his-to-ria
 []


Underfull \hbox (badness 10000) in paragraph at lines 3828--3828
[]|\OT1/cmr/m/n/8 Personal
 []


Underfull \hbox (badness 10000) in paragraph at lines 3828--3828
[]|\OT1/cmr/m/n/8 RF-
 []


Underfull \hbox (badness 10000) in paragraph at lines 3828--3828
\OT1/cmr/m/n/8 01/RF-
 []


Underfull \hbox (badness 10000) in paragraph at lines 3828--3828
[]|\OT1/cmr/m/n/8 COMP-
 []


Underfull \hbox (badness 10000) in paragraph at lines 3829--3829
[]|\OT1/cmr/m/n/8 Art.
 []


Underfull \hbox (badness 10000) in paragraph at lines 3829--3829
\OT1/cmr/m/n/8 13/25
 []


Underfull \hbox (badness 10000) in paragraph at lines 3829--3829
[]|\OT1/cmr/m/n/8 Registrar
 []


Underfull \hbox (badness 10000) in paragraph at lines 3829--3829
\OT1/cmr/m/n/8 atenci^^Son
 []


Underfull \hbox (badness 10000) in paragraph at lines 3829--3829
[]|\OT1/cmr/m/n/8 Personal
 []


Underfull \hbox (badness 10000) in paragraph at lines 3829--3829
[]|\OT1/cmr/m/n/8 COMP-
 []


Underfull \hbox (badness 10000) in paragraph at lines 3830--3830
[]|\OT1/cmr/m/n/8 Art.
 []


Underfull \hbox (badness 10000) in paragraph at lines 3830--3830
\OT1/cmr/m/n/8 13/25
 []


Underfull \hbox (badness 10000) in paragraph at lines 3830--3830
[]|\OT1/cmr/m/n/8 Registrar
 []


Underfull \hbox (badness 10000) in paragraph at lines 3830--3830
[]|\OT1/cmr/m/n/8 COMP-
 []


Underfull \hbox (badness 10000) in paragraph at lines 3831--3831
[]|\OT1/cmr/m/n/8 Art.
 []


Underfull \hbox (badness 10000) in paragraph at lines 3831--3831
\OT1/cmr/m/n/8 13/25
 []


Underfull \hbox (badness 10000) in paragraph at lines 3831--3831
[]|\OT1/cmr/m/n/8 Registrar
 []


Underfull \hbox (badness 10000) in paragraph at lines 3831--3831
[]|\OT1/cmr/m/n/8 COMP-
 []


Underfull \hbox (badness 10000) in paragraph at lines 3832--3832
[]|\OT1/cmr/m/n/8 Art.
 []


Underfull \hbox (badness 10000) in paragraph at lines 3832--3832
\OT1/cmr/m/n/8 13/25
 []


Underfull \hbox (badness 10000) in paragraph at lines 3832--3832
[]|\OT1/cmr/m/n/8 Registrar
 []


Underfull \hbox (badness 10000) in paragraph at lines 3832--3832
\OT1/cmr/m/n/8 evoluci^^Son
 []


Underfull \hbox (badness 10000) in paragraph at lines 3832--3834
[]|\OT1/cmr/m/n/8 M^^Sedico/
 []


Underfull \hbox (badness 10000) in paragraph at lines 3832--3834
\OT1/cmr/m/n/8 Nu-tri-
 []


Underfull \hbox (badness 10000) in paragraph at lines 3832--3834
\OT1/cmr/m/n/8 cionista/
 []


Underfull \hbox (badness 10000) in paragraph at lines 3834--3834
[]|\OT1/cmr/m/n/8 EV-01/EV-
 []


Underfull \hbox (badness 10000) in paragraph at lines 3834--3834
[]|\OT1/cmr/m/n/8 COMP-
 []


Underfull \hbox (badness 10000) in paragraph at lines 3835--3835
[]|\OT1/cmr/m/n/8 Art.
 []


Underfull \hbox (badness 10000) in paragraph at lines 3835--3835
\OT1/cmr/m/n/8 13/25
 []


Underfull \hbox (badness 10000) in paragraph at lines 3835--3835
[]|\OT1/cmr/m/n/8 Registrar
 []


Underfull \hbox (badness 6220) in paragraph at lines 3835--3835
\OT1/cmr/m/n/8 plan nu-tri-
 []


Overfull \hbox (2.92213pt too wide) in paragraph at lines 3835--3835
[]|\OT1/cmr/m/n/8 Nutricionista| 
 []


Underfull \hbox (badness 7777) in paragraph at lines 3835--3835
[]|\OT1/cmr/m/n/8 M^^Sodulo de Nu-
 []


Underfull \hbox (badness 10000) in paragraph at lines 3836--3836
[]|\OT1/cmr/m/n/8 Art.
 []


Underfull \hbox (badness 10000) in paragraph at lines 3836--3836
\OT1/cmr/m/n/8 13/25
 []


Underfull \hbox (badness 10000) in paragraph at lines 3836--3836
[]|\OT1/cmr/m/n/8 Registrar
 []


Underfull \hbox (badness 10000) in paragraph at lines 3836--3836
\OT1/cmr/m/n/8 sesi^^Son de
 []


Underfull \hbox (badness 10000) in paragraph at lines 3836--3836
[]|\OT1/cmr/m/n/8 Terapeuta
 []


Underfull \hbox (badness 10000) in paragraph at lines 3836--3836
[]|\OT1/cmr/m/n/8 COMP-
 []


Underfull \hbox (badness 10000) in paragraph at lines 3837--3837
[]|\OT1/cmr/m/n/8 No
 []


Underfull \hbox (badness 10000) in paragraph at lines 3837--3837
[]|\OT1/cmr/m/n/8 Gestionar
 []


Underfull \hbox (badness 10000) in paragraph at lines 3837--3837
[]|\OT1/cmr/m/n/8 RF-
 []


Underfull \hbox (badness 10000) in paragraph at lines 3837--3837
\OT1/cmr/m/n/8 15/RF-
 []


Underfull \hbox (badness 10000) in paragraph at lines 3837--3837
[]|\OT1/cmr/m/n/8 COMP-
 []


Underfull \hbox (badness 10000) in paragraph at lines 3838--3838
[]|\OT1/cmr/m/n/8 Registrar
 []


Underfull \hbox (badness 10000) in paragraph at lines 3838--3838
\OT1/cmr/m/n/8 en-trega
 []


Underfull \hbox (badness 3068) in paragraph at lines 3838--3838
\OT1/cmr/m/n/8 traz-able de
 []


Underfull \hbox (badness 10000) in paragraph at lines 3838--3838
\OT1/cmr/m/n/8 medica-men-
 []


Underfull \hbox (badness 10000) in paragraph at lines 3838--3838
[]|\OT1/cmr/m/n/8 COMP-
 []


Underfull \hbox (badness 10000) in paragraph at lines 3839--3839
[]|\OT1/cmr/m/n/8 No
 []


Underfull \hbox (badness 10000) in paragraph at lines 3839--3839
[]|\OT1/cmr/m/n/8 Gestionar
 []


Underfull \hbox (badness 10000) in paragraph at lines 3839--3839
\OT1/cmr/m/n/8 cuen-tas de
 []


Overfull \hbox (8.59583pt too wide) in paragraph at lines 3839--3839
[]|\OT1/cmr/m/n/8 Administrador| 
 []


Underfull \hbox (badness 10000) in paragraph at lines 3840--3840
[]|\OT1/cmr/m/n/8 No
 []


Underfull \hbox (badness 10000) in paragraph at lines 3840--3840
[]|\OT1/cmr/m/n/8 Recuperar
 []


Underfull \hbox (badness 10000) in paragraph at lines 3841--3841
[]|\OT1/cmr/m/n/8 No
 []


Underfull \hbox (badness 10000) in paragraph at lines 3841--3841
[]|\OT1/cmr/m/n/8 Cerrar
 []


Overfull \hbox (47.80167pt too wide) in alignment at lines 3771--3844
 [] [] [] [] [] [] [] [] [] [] []
 []

ignored error: Infinite glue shrinkage found in box being split [81]
ignored error: Infinite glue shrinkage found in box being split [82] [83]
Underfull \hbox (badness 10000) in alignment at lines 3857--3867
[] [] []
 []


Underfull \hbox (badness 10000) in alignment at lines 3867--3869
[] [] []
 []


Underfull \hbox (badness 10000) in alignment at lines 3869--3874
[] [] []
 []


Overfull \hbox (1.23639pt too wide) in alignment at lines 3890--3897
[] []
 []


Overfull \hbox (1.23639pt too wide) in alignment at lines 3897--3908
[] []
 []

ignored error: Infinite glue shrinkage found in box being split [84]
<Imagenes_DCF_IR_LATEX/figuraEvEntrevista_.png, id=1431, 1407.2575pt x 1126.207
5pt>
File: Imagenes_DCF_IR_LATEX/figuraEvEntrevista_.png Graphic file (type png)
<use Imagenes_DCF_IR_LATEX/figuraEvEntrevista_.png>
Package pdftex.def Info: Imagenes_DCF_IR_LATEX/figuraEvEntrevista_.png  used on
 input line 3918.
(pdftex.def)             Requested size: 341.43307pt x 273.23387pt.

Overfull \hbox (10.34322pt too wide) in alignment at lines 3925--3932
[] []
 []


Underfull \hbox (badness 1152) in paragraph at lines 3940--3941
\OT1/cmr/m/n/10.95 m^^Sodulo de agen-damiento y seguimiento; sis-tema in-tu-iti
vo;
 []


Overfull \hbox (10.34322pt too wide) in alignment at lines 3932--3942
[] []
 []

ignored error: Infinite glue shrinkage found in box being split [85 <./Imagenes
_DCF_IR_LATEX/figuraEvEntrevista_.png (PNG copy)>]
Overfull \hbox (10.34322pt too wide) in alignment at lines 3946--3953
[] []
 []


Overfull \hbox (10.34322pt too wide) in alignment at lines 3953--3962
[] []
 []

<Imagenes_DCF_IR_LATEX/0001.png, id=1438, 597.23125pt x 844.65562pt>
File: Imagenes_DCF_IR_LATEX/0001.png Graphic file (type png)
<use Imagenes_DCF_IR_LATEX/0001.png>
Package pdftex.def Info: Imagenes_DCF_IR_LATEX/0001.png  used on input line 396
8.
(pdftex.def)             Requested size: 341.43307pt x 482.88933pt.
[86]
<Imagenes_DCF_IR_LATEX/0002.png, id=1444, 597.23125pt x 844.65562pt>
File: Imagenes_DCF_IR_LATEX/0002.png Graphic file (type png)
<use Imagenes_DCF_IR_LATEX/0002.png>
Package pdftex.def Info: Imagenes_DCF_IR_LATEX/0002.png  used on input line 397
5.
(pdftex.def)             Requested size: 341.43307pt x 482.88933pt.
 [87 <./Imagenes_DCF_IR_LATEX/0001.png (PNG copy)>]
Overfull \hbox (10.34322pt too wide) in alignment at lines 3987--3994
[] []
 []


Overfull \hbox (10.34322pt too wide) in alignment at lines 3994--4011
[] []
 []

ignored error: Infinite glue shrinkage found in box being split [88 <./Imagenes
_DCF_IR_LATEX/0002.png (PNG copy)>] [89]
<Imagenes_DCF_IR_LATEX/Cuestionario_Apl.png.jpeg, id=1460, 722.7pt x 1606.0pt>
File: Imagenes_DCF_IR_LATEX/Cuestionario_Apl.png.jpeg Graphic file (type jpg)
<use Imagenes_DCF_IR_LATEX/Cuestionario_Apl.png.jpeg>
Package pdftex.def Info: Imagenes_DCF_IR_LATEX/Cuestionario_Apl.png.jpeg  used 
on input line 4044.
(pdftex.def)             Requested size: 204.85846pt x 455.2397pt.
<Imagenes_DCF_IR_LATEX/Cuestionario_Apl_1.png.jpeg, id=1461, 725.71124pt x 1606
.0pt>
File: Imagenes_DCF_IR_LATEX/Cuestionario_Apl_1.png.jpeg Graphic file (type jpg)

<use Imagenes_DCF_IR_LATEX/Cuestionario_Apl_1.png.jpeg>
Package pdftex.def Info: Imagenes_DCF_IR_LATEX/Cuestionario_Apl_1.png.jpeg  use
d on input line 4051.
(pdftex.def)             Requested size: 204.85846pt x 453.35278pt.
 [90 <./Imagenes_DCF_IR_LATEX/Cuestionario_Apl.png.jpeg>]
<Imagenes_DCF_IR_LATEX/Evidencia_Cuestionario.png, id=1468, 389.20406pt x 632.3
625pt>
File: Imagenes_DCF_IR_LATEX/Evidencia_Cuestionario.png Graphic file (type png)
<use Imagenes_DCF_IR_LATEX/Evidencia_Cuestionario.png>
Package pdftex.def Info: Imagenes_DCF_IR_LATEX/Evidencia_Cuestionario.png  used
 on input line 4059.
(pdftex.def)             Requested size: 204.85846pt x 332.85405pt.
 [91 <./Imagenes_DCF_IR_LATEX/Cuestionario_Apl_1.png.jpeg>]
<Imagenes_DCF_IR_LATEX/C_Odontologia.png, id=1475, 597.432pt x 844.5954pt>
File: Imagenes_DCF_IR_LATEX/C_Odontologia.png Graphic file (type png)
<use Imagenes_DCF_IR_LATEX/C_Odontologia.png>
Package pdftex.def Info: Imagenes_DCF_IR_LATEX/C_Odontologia.png  used on input
 line 4076.
(pdftex.def)             Requested size: 341.43307pt x 482.70024pt.

[92 <./Imagenes_DCF_IR_LATEX/Evidencia_Cuestionario.png>]
<Imagenes_DCF_IR_LATEX/C_MedicinaGeneral.png, id=1482, 597.432pt x 844.5954pt>
File: Imagenes_DCF_IR_LATEX/C_MedicinaGeneral.png Graphic file (type png)
<use Imagenes_DCF_IR_LATEX/C_MedicinaGeneral.png>
Package pdftex.def Info: Imagenes_DCF_IR_LATEX/C_MedicinaGeneral.png  used on i
nput line 4083.
(pdftex.def)             Requested size: 341.43307pt x 482.70024pt.
 [93 <./Imagenes_DCF_IR_LATEX/C_Odontologia.png>]
<Imagenes_DCF_IR_LATEX/C_Fisioterapeuta.png, id=1488, 597.432pt x 844.5954pt>
File: Imagenes_DCF_IR_LATEX/C_Fisioterapeuta.png Graphic file (type png)
<use Imagenes_DCF_IR_LATEX/C_Fisioterapeuta.png>
Package pdftex.def Info: Imagenes_DCF_IR_LATEX/C_Fisioterapeuta.png  used on in
put line 4091.
(pdftex.def)             Requested size: 341.43307pt x 482.70024pt.
 [94 <./Imagenes_DCF_IR_LATEX/C_MedicinaGeneral.png>]
<Imagenes_DCF_IR_LATEX/C_Nutricion.png, id=1494, 597.432pt x 844.5954pt>
File: Imagenes_DCF_IR_LATEX/C_Nutricion.png Graphic file (type png)
<use Imagenes_DCF_IR_LATEX/C_Nutricion.png>
Package pdftex.def Info: Imagenes_DCF_IR_LATEX/C_Nutricion.png  used on input l
ine 4098.
(pdftex.def)             Requested size: 341.43307pt x 482.70024pt.
 [95 <./Imagenes_DCF_IR_LATEX/C_Fisioterapeuta.png>]
<Imagenes_DCF_IR_LATEX/C_Enfermero.png, id=1500, 597.432pt x 844.5954pt>
File: Imagenes_DCF_IR_LATEX/C_Enfermero.png Graphic file (type png)
<use Imagenes_DCF_IR_LATEX/C_Enfermero.png>
Package pdftex.def Info: Imagenes_DCF_IR_LATEX/C_Enfermero.png  used on input l
ine 4106.
(pdftex.def)             Requested size: 341.43307pt x 482.70024pt.
 [96 <./Imagenes_DCF_IR_LATEX/C_Nutricion.png>]
<Imagenes_DCF_IR_LATEX/C_Resepcionista.png, id=1507, 597.432pt x 844.5954pt>
File: Imagenes_DCF_IR_LATEX/C_Resepcionista.png Graphic file (type png)
<use Imagenes_DCF_IR_LATEX/C_Resepcionista.png>
Package pdftex.def Info: Imagenes_DCF_IR_LATEX/C_Resepcionista.png  used on inp
ut line 4113.
(pdftex.def)             Requested size: 341.43307pt x 482.70024pt.
 [97 <./Imagenes_DCF_IR_LATEX/C_Enfermero.png>]
<Imagenes_DCF_IR_LATEX/C_Psicologia.png, id=1513, 597.432pt x 844.5954pt>
File: Imagenes_DCF_IR_LATEX/C_Psicologia.png Graphic file (type png)
<use Imagenes_DCF_IR_LATEX/C_Psicologia.png>
Package pdftex.def Info: Imagenes_DCF_IR_LATEX/C_Psicologia.png  used on input 
line 4120.
(pdftex.def)             Requested size: 341.43307pt x 482.70024pt.
 [98 <./Imagenes_DCF_IR_LATEX/C_Resepcionista.png>]
Underfull \hbox (badness 10000) in alignment at lines 4128--4134
[] [] [] [] []
 []


Underfull \hbox (badness 6825) in paragraph at lines 4135--4135
[]|\OT1/cmr/m/n/10.95 Entrevista (au-dio
 []


Underfull \hbox (badness 10000) in paragraph at lines 4135--4135
[]|\OT1/cmr/m/n/10.95 Coordinadora de
 []


Underfull \hbox (badness 10000) in paragraph at lines 4135--4136
[]|\OT1/cmr/m/n/10.95 Repositorio
 []


Underfull \hbox (badness 3189) in paragraph at lines 4136--4136
[]|\OT1/cmr/m/n/10.95 Cuestionario dig-i-
 []


Underfull \hbox (badness 10000) in paragraph at lines 4136--4137
[]|\OT1/cmr/m/n/10.95 Repositorio
 []


Underfull \hbox (badness 10000) in alignment at lines 4134--4141
[] [] [] [] []
 []

ignored error: Infinite glue shrinkage found in box being split [99 <./Imagenes
_DCF_IR_LATEX/C_Psicologia.png>]
Overfull \hbox (2.83746pt too wide) in paragraph at lines 4158--4159
[]|\OT1/cmr/bx/n/10.95 Subcategor^^S^^Pa
 []


Underfull \hbox (badness 10000) in alignment at lines 4151--4160
[] [] [] []
 []


Underfull \hbox (badness 10000) in alignment at lines 4160--4163
[] [] [] []
 []


Underfull \hbox (badness 1721) in paragraph at lines 4166--4166
[]|\OT1/cmr/m/n/10.95 B^^Susqueda de pa-cientes por nom-bre, ini-ciales o
 []


Underfull \hbox (badness 1117) in paragraph at lines 4168--4168
[]|\OT1/cmr/m/n/10.95 Registrar la derivaci^^Son de pa-cientes en-tre ^^Sareas
 []


Underfull \hbox (badness 10000) in paragraph at lines 4189--4190
[]|\OT1/cmr/m/n/10.95 Eficiencia y
 []


Underfull \hbox (badness 3919) in paragraph at lines 4195--4196
[]|\OT1/cmr/m/n/10.95 Seguridad ---
 []


Underfull \hbox (badness 10000) in paragraph at lines 4195--4196
\OT1/cmr/m/n/10.95 Con-fi-den-cial-
 []


Underfull \hbox (badness 10000) in paragraph at lines 4195--4196
\OT1/cmr/m/n/10.95 i-dad y no
 []


Underfull \hbox (badness 10000) in alignment at lines 4163--4199
[] [] [] []
 []

ignored error: Infinite glue shrinkage found in box being split [100]
Overfull \hbox (3.20493pt too wide) in paragraph at lines 4209--4209
[]|\OT1/cmr/bx/n/10.95 Categor^^S^^Pa| 
 []


Underfull \hbox (badness 10000) in alignment at lines 4204--4212
[] [] [] []
 []


Underfull \hbox (badness 10000) in alignment at lines 4212--4215
[] [] [] []
 []


Underfull \hbox (badness 1789) in paragraph at lines 4216--4216
[]|\OT1/cmr/m/n/10.95 Registrar y con-sul-tar his-to-rias
 []


Underfull \hbox (badness 10000) in paragraph at lines 4217--4217
[]|\OT1/cmr/m/n/10.95 Gestionar agen-damiento y
 []


Underfull \hbox (badness 2744) in paragraph at lines 4218--4219
[]|\OT1/cmr/m/n/10.95 Imprescindible para ac-ceder a
 []


Underfull \hbox (badness 10000) in paragraph at lines 4220--4220
[]|\OT1/cmr/m/n/10.95 RNF-
 []


Underfull \hbox (badness 5119) in paragraph at lines 4220--4221
[]|\OT1/cmr/m/n/10.95 Exigencia de la LOPDP; su
 []


Underfull \hbox (badness 10000) in paragraph at lines 4222--4223
[]|\OT1/cmr/m/n/10.95 Imprescindible para cumplim-
 []


Underfull \hbox (badness 1147) in paragraph at lines 4222--4223
\OT1/cmr/m/n/10.95 iento de la LOPDP y con-trol
 []


Underfull \hbox (badness 3954) in paragraph at lines 4223--4224
[]|\OT1/cmr/m/n/10.95 Importante para gesti^^Son pero
 []


Underfull \hbox (badness 1742) in paragraph at lines 4225--4226
\OT1/cmr/m/n/10.95 querir in-fraestruc-tura com-pleta
 []


Underfull \hbox (badness 7777) in paragraph at lines 4229--4229
[]|\OT1/cmr/m/n/10.95 Gestionar per-fil del per-sonal
 []


Underfull \hbox (badness 1281) in paragraph at lines 4229--4230
\OT1/cmr/m/n/10.95 nar turnos ni op-erar el agen-
 []


Underfull \hbox (badness 2608) in paragraph at lines 4234--4235
[]|\OT1/cmr/m/n/10.95 Esencial para con-tro-lar sal-dos
 []


Underfull \hbox (badness 10000) in alignment at lines 4215--4238
[] [] [] []
 []

ignored error: Infinite glue shrinkage found in box being split [101]
Underfull \hbox (badness 10000) in paragraph at lines 4246--4246
[]|\OT1/cmr/bx/n/10.95 Categor^^S^^Pa
 []


Underfull \hbox (badness 10000) in alignment at lines 4242--4249
[] [] []
 []


Underfull \hbox (badness 10000) in alignment at lines 4249--4252
[] [] []
 []


Underfull \hbox (badness 2495) in paragraph at lines 4253--4253
[]|\OT1/cmr/m/n/10.95 RF-01: His-to-ria
 []


Underfull \hbox (badness 10000) in paragraph at lines 4256--4256
[]|\OT1/cmr/m/n/10.95 RF-02: Agen-
 []


Underfull \hbox (badness 10000) in paragraph at lines 4256--4256
\OT1/cmr/m/n/10.95 damiento de
 []


Underfull \hbox (badness 1057) in paragraph at lines 4257--4257
[]|\OT1/cmr/m/n/10.95 RNF-01: Ve-loci-
 []


Underfull \hbox (badness 1132) in paragraph at lines 4258--4258
[]|\OT1/cmr/m/n/10.95 RF-13: Ho-rar-ios
 []


Underfull \hbox (badness 10000) in paragraph at lines 4260--4260
[]|\OT1/cmr/m/n/10.95 RF-14: Eval-u-
 []


Underfull \hbox (badness 10000) in paragraph at lines 4260--4260
\OT1/cmr/m/n/10.95 aci^^Son de sat-is-
 []


Underfull \hbox (badness 1616) in paragraph at lines 4264--4264
\OT1/cmr/m/n/10.95 disponi-bil-i-dad en
 []


Underfull \hbox (badness 10000) in paragraph at lines 4266--4266
[]|\OT1/cmr/m/n/10.95 RF-21: Emi-tir
 []


Underfull \hbox (badness 10000) in paragraph at lines 4266--4266
\OT1/cmr/m/n/10.95 com-pro-bantes
 []


Underfull \hbox (badness 7203) in paragraph at lines 4267--4267
\OT1/cmr/m/n/10.95 pa-gos to-tales o
 []


Underfull \hbox (badness 5756) in paragraph at lines 4269--4269
[]|\OT1/cmr/m/n/10.95 RF-24: Con-fig-
 []


Underfull \hbox (badness 6708) in paragraph at lines 4269--4269
\OT1/cmr/m/n/10.95 u-rar ho-rar-ios y
 []


Underfull \hbox (badness 10000) in paragraph at lines 4270--4270
[]|\OT1/cmr/m/n/10.95 RF-25: Cupo
 []


Underfull \hbox (badness 1158) in paragraph at lines 4270--4270
\OT1/cmr/m/n/10.95 m^^Saximo de citas
 []


Underfull \hbox (badness 10000) in alignment at lines 4252--4271
[] [] []
 []

[102]
Overfull \hbox (1.23639pt too wide) in alignment at lines 4275--4282
[] []
 []


Overfull \hbox (1.23639pt too wide) in alignment at lines 4282--4292
[] []
 []

[103]
Overfull \hbox (4.13649pt too wide) in alignment at lines 4304--4311
[] [] []
 []


Overfull \hbox (4.13649pt too wide) in alignment at lines 4311--4314
[] [] []
 []


Underfull \hbox (badness 3471) in paragraph at lines 4325--4325
[]|\OT1/cmr/m/n/10.95 RF-11 (nu-
 []


Underfull \hbox (badness 10000) in paragraph at lines 4325--4325
\OT1/cmr/m/n/10.95 meraci^^Son
 []


Underfull \hbox (badness 10000) in paragraph at lines 4325--4325
\OT1/cmr/m/n/10.95 hist^^Sorica
 []


Underfull \hbox (badness 10000) in paragraph at lines 4325--4325
\OT1/cmr/m/n/10.95 1B: au-di-
 []


Underfull \hbox (badness 3471) in paragraph at lines 4326--4326
[]|\OT1/cmr/m/n/10.95 RF-12 (nu-
 []


Underfull \hbox (badness 10000) in paragraph at lines 4326--4326
\OT1/cmr/m/n/10.95 meraci^^Son
 []


Underfull \hbox (badness 10000) in paragraph at lines 4326--4326
\OT1/cmr/m/n/10.95 hist^^Sorica
 []


Underfull \hbox (badness 10000) in paragraph at lines 4326--4326
\OT1/cmr/m/n/10.95 1B: no-ti-fi-
 []


Overfull \hbox (4.13649pt too wide) in alignment at lines 4314--4338
[] [] []
 []

ignored error: Infinite glue shrinkage found in box being split [104]
Overfull \hbox (455.24411pt too wide) detected at line 4368
[]
 []


Underfull \hbox (badness 10000) in alignment at lines 4367--4377
[] [] [] []
 []


Underfull \hbox (badness 10000) in alignment at lines 4377--4386
[] [] [] []
 []


Underfull \hbox (badness 10000) in alignment at lines 4386--4390
[] [] [] []
 []


Underfull \hbox (badness 10000) in alignment at lines 4390--4393
[] [] [] []
 []


Underfull \hbox (badness 10000) in paragraph at lines 4427--4428
[]|\OT1/cmr/m/n/8 Renombrar \OT1/cmtt/m/n/8 MU-02[]medico[]resumen.png.png \OT1
/cmr/m/n/8 como
 []


Underfull \hbox (badness 10000) in paragraph at lines 4433--4434
[]|\OT1/cmr/m/n/8 Renombrar \OT1/cmtt/m/n/8 MU-01[]inicio[]sesion.png.png \OT1/
cmr/m/n/8 como
 []


Underfull \hbox (badness 10000) in paragraph at lines 4449--4450
[]|\OT1/cmr/m/n/8 Renombrar \OT1/cmtt/m/n/8 fichas[]tecnicas (1).csv \OT1/cmr/m
/n/8 como
 []


Underfull \hbox (badness 10000) in alignment at lines 4393--4524
[] [] [] []
 []

ignored error: Infinite glue shrinkage found in box being split [105]
Overfull \hbox (26.25232pt too wide) in paragraph at lines 4532--4533
\OT1/cmr/m/n/10.95 La con-sol-i-daci^^Son de la se-gunda ronda de elic-itaci^^S
on (per-sonal de En-fer-mer^^S^^Pa y Re-cepci^^Son/Recaudaci^^Son)
 []

<Imagenes_DCF_IR_LATEX/Reunion_R_Diagrma_3.png, id=1574, 1441.63594pt x 810.026
25pt>
File: Imagenes_DCF_IR_LATEX/Reunion_R_Diagrma_3.png Graphic file (type png)
<use Imagenes_DCF_IR_LATEX/Reunion_R_Diagrma_3.png>
Package pdftex.def Info: Imagenes_DCF_IR_LATEX/Reunion_R_Diagrma_3.png  used on
 input line 4548.
(pdftex.def)             Requested size: 386.96027pt x 217.42456pt.
[106]
<Imagenes_DCF_IR_LATEX/Reunion_R_DCMT.png, id=1579, 1440.13031pt x 799.48688pt>

File: Imagenes_DCF_IR_LATEX/Reunion_R_DCMT.png Graphic file (type png)
<use Imagenes_DCF_IR_LATEX/Reunion_R_DCMT.png>
Package pdftex.def Info: Imagenes_DCF_IR_LATEX/Reunion_R_DCMT.png  used on inpu
t line 4555.
(pdftex.def)             Requested size: 386.96027pt x 214.81522pt.
<Imagenes_DCF_IR_LATEX/Evidecia de diagrama.png, id=1580, 339.3405pt x 181.6605
pt>
File: Imagenes_DCF_IR_LATEX/Evidecia de diagrama.png Graphic file (type png)
<use Imagenes_DCF_IR_LATEX/Evidecia de diagrama.png>
Package pdftex.def Info: Imagenes_DCF_IR_LATEX/Evidecia de diagrama.png  used o
n input line 4562.
(pdftex.def)             Requested size: 386.96027pt x 207.16718pt.
 [107 <./Imagenes_DCF_IR_LATEX/Reunion_R_Diagrma_3.png> <./Imagenes_DCF_IR_LATE
X/Reunion_R_DCMT.png>]
<Imagenes_DCF_IR_LATEX/reunion3.png, id=1589, 1445.4pt x 813.0375pt>
File: Imagenes_DCF_IR_LATEX/reunion3.png Graphic file (type png)
<use Imagenes_DCF_IR_LATEX/reunion3.png>
Package pdftex.def Info: Imagenes_DCF_IR_LATEX/reunion3.png  used on input line
 4569.
(pdftex.def)             Requested size: 386.96027pt x 217.66217pt.
 [108 <./Imagenes_DCF_IR_LATEX/Evidecia de diagrama.png> <./Imagenes_DCF_IR_LAT
EX/reunion3.png>] (Archivo_LateX_V3_IR.aux)
 ***********
LaTeX2e <2025-11-01>
L3 programming layer <2025-12-24>
 ***********


LaTeX Warning: There were multiply-defined labels.

Package rerunfilecheck Info: File `Archivo_LateX_V3_IR.out' has not changed.
(rerunfilecheck)             Checksum: 70E4180F0A5AA68C8B4BA70BBD8B7133;47636.
 ) 
Here is how much of TeX's memory you used:
 14573 strings out of 467871
 234724 string characters out of 5418860
 782727 words of memory out of 5000000
 42806 multiletter control sequences out of 15000+600000
 639379 words of font info for 84 fonts, out of 8000000 for 9000
 1141 hyphenation exceptions out of 8191
 75i,13n,79p,1210b,658s stack positions out of 10000i,1000n,20000p,200000b,200000s
 <C:\Users\USER\AppData\Local\MiKTeX\fonts/pk/ljfour/jknappen/ec/dpi600\tcbx0
800.pk> <C:\Users\USER\AppData\Local\MiKTeX\fonts/pk/ljfour/jknappen/ec/dpi600\
tcbx1440.pk> <C:\Users\USER\AppData\Local\MiKTeX\fonts/pk/ljfour/jknappen/ec/dp
i600\tcbx1095.pk> <C:\Users\USER\AppData\Local\MiKTeX\fonts/pk/ljfour/jknappen/
ec/dpi600\tcrm1095.pk><C:/Users/USER/AppData/Local/Programs/MiKTeX/fonts/type1/
public/amsfonts/cm/cmbx10.pfb><C:/Users/USER/AppData/Local/Programs/MiKTeX/font
s/type1/public/amsfonts/cm/cmbx12.pfb><C:/Users/USER/AppData/Local/Programs/MiK
TeX/fonts/type1/public/amsfonts/cm/cmbx8.pfb><C:/Users/USER/AppData/Local/Progr
ams/MiKTeX/fonts/type1/public/amsfonts/cm/cmr10.pfb><C:/Users/USER/AppData/Loca
l/Programs/MiKTeX/fonts/type1/public/amsfonts/cm/cmr12.pfb><C:/Users/USER/AppDa
ta/Local/Programs/MiKTeX/fonts/type1/public/amsfonts/cm/cmr8.pfb><C:/Users/USER
/AppData/Local/Programs/MiKTeX/fonts/type1/public/amsfonts/cm/cmsy10.pfb><C:/Us
ers/USER/AppData/Local/Programs/MiKTeX/fonts/type1/public/amsfonts/cm/cmti10.pf
b><C:/Users/USER/AppData/Local/Programs/MiKTeX/fonts/type1/public/amsfonts/cm/c
mti8.pfb><C:/Users/USER/AppData/Local/Programs/MiKTeX/fonts/type1/public/amsfon
ts/cm/cmtt10.pfb><C:/Users/USER/AppData/Local/Programs/MiKTeX/fonts/type1/publi
c/amsfonts/cm/cmtt8.pfb>
Output written on Archivo_LateX_V3_IR.pdf (109 pages, 14058009 bytes).
PDF statistics:
 1770 PDF objects out of 2073 (max. 8388607)
 464 named destinations out of 1000 (max. 500000)
 1478 words of extra memory for PDF output out of 10000 (max. 10000000)

